Product_ID,Category,Price,Discount,Stock_Availability,Sales_Quantity,Date,Day_of_Week,Season,Marketing_Spend,Competitor_Price,Weather_Impact,Customer_Age_Group,Customer_Loyalty,High_Demand
1,Dairy,295.52,25,No,588,01-01-2021,Friday,Winter,31012.83,300.56,Stormy,60+,New,1
2,Fruits,261.22,20,No,785,02-01-2021,Saturday,Spring,28740.94,306.23,Cloudy,41-60,New,1
3,Fruits,459.8,20,Yes,503,03-01-2021,Sunday,Winter,17237.27,488.91,Rainy,60+,Returning,1
4,Vegetables,341.82,25,Yes,692,04-01-2021,Monday,Summer,46351.04,287.21,Rainy,18-25,Returning,1
5,Snacks,49.55,20,Yes,747,05-01-2021,Tuesday,Monsoon,11815.09,55.97,Rainy,26-40,Returning,1
6,Fruits,407.72,20,Yes,969,06-01-2021,Wednesday,Monsoon,37312.02,343.52,Stormy,26-40,Returning,1
7,Beverages,488.92,10,Yes,730,07-01-2021,Thursday,Summer,29036.66,488.35,Stormy,18-25,Returning,1
8,Snacks,14.01,10,Yes,960,08-01-2021,Friday,Monsoon,12244.91,12.71,Sunny,41-60,New,1
9,Dairy,409.6,20,Yes,652,09-01-2021,Saturday,Spring,30838.8,353.13,Cloudy,60+,Returning,1
10,Snacks,227.76,30,No,485,10-01-2021,Sunday,Summer,21836.19,270.76,Rainy,18-25,Returning,0
11,Fruits,173.43,20,No,468,11-01-2021,Monday,Winter,39778.75,148.34,Stormy,60+,Returning,0
12,Vegetables,467.58,25,Yes,747,12-01-2021,Tuesday,Spring,42025.96,440.57,Rainy,18-25,Returning,1
13,Dairy,45.45,20,No,40,13-01-2021,Wednesday,Summer,17051.51,47.48,Cloudy,60+,Returning,0
14,Dairy,340.26,30,No,792,14-01-2021,Thursday,Summer,38985.06,308.73,Cloudy,41-60,New,1
15,Vegetables,247.53,15,No,402,15-01-2021,Friday,Summer,43163.14,293.28,Sunny,60+,Returning,0
16,Snacks,216.81,25,Yes,337,16-01-2021,Saturday,Monsoon,39566.02,217.28,Cloudy,26-40,Returning,0
17,Beverages,434.83,15,No,837,17-01-2021,Sunday,Summer,49789.75,358.48,Rainy,60+,New,1
18,Fruits,436.24,5,Yes,657,18-01-2021,Monday,Winter,20128.47,374.87,Rainy,60+,Returning,1
19,Vegetables,250.6,25,No,593,19-01-2021,Tuesday,Winter,10750.6,292.63,Rainy,60+,Returning,1
20,Beverages,255.4,10,No,828,20-01-2021,Wednesday,Spring,13928.03,273.53,Rainy,60+,New,1
21,Vegetables,274.98,20,No,488,21-01-2021,Thursday,Spring,44006.23,221.91,Sunny,60+,Returning,0
22,Vegetables,408.23,20,Yes,567,22-01-2021,Friday,Spring,13331.46,477,Rainy,18-25,New,1
23,Dairy,219.3,5,Yes,824,23-01-2021,Saturday,Monsoon,30843.82,245.75,Rainy,18-25,New,1
24,Dairy,51.69,5,No,792,24-01-2021,Sunday,Summer,29378.35,47.23,Sunny,60+,New,1
25,Vegetables,187.05,5,No,902,25-01-2021,Monday,Monsoon,43806.87,165.31,Cloudy,18-25,Returning,1
26,Fruits,41.32,15,No,410,26-01-2021,Tuesday,Monsoon,49372.96,39.89,Cloudy,26-40,New,0
27,Vegetables,275.96,20,Yes,65,27-01-2021,Wednesday,Spring,17018.69,323.66,Stormy,60+,Returning,0
28,Fruits,386.51,10,No,858,28-01-2021,Thursday,Spring,33557.41,366.16,Rainy,26-40,New,1
29,Vegetables,50.84,15,Yes,393,29-01-2021,Friday,Monsoon,39234.87,45.11,Stormy,60+,Returning,0
30,Dairy,441.53,20,Yes,483,30-01-2021,Saturday,Summer,46575.93,393.4,Stormy,26-40,Returning,0
31,Snacks,467.81,10,No,118,31-01-2021,Sunday,Winter,44996.87,388,Stormy,26-40,New,0
32,Beverages,419.63,15,No,850,01-02-2021,Monday,Spring,48558.97,374.26,Sunny,26-40,New,1
33,Beverages,498.44,20,No,736,02-02-2021,Tuesday,Monsoon,9947.45,534.62,Stormy,41-60,Returning,1
34,Vegetables,491.64,25,Yes,477,03-02-2021,Wednesday,Summer,46531.35,423.28,Cloudy,41-60,New,0
35,Beverages,443.03,15,Yes,599,04-02-2021,Thursday,Monsoon,45933.44,494.27,Stormy,41-60,New,1
36,Snacks,270.29,25,No,179,05-02-2021,Friday,Monsoon,30114.24,289.4,Rainy,41-60,Returning,0
37,Vegetables,198.52,30,Yes,65,06-02-2021,Saturday,Spring,44407.18,160.48,Stormy,41-60,Returning,0
38,Fruits,467.03,10,Yes,46,07-02-2021,Sunday,Spring,40831.27,391.17,Cloudy,41-60,Returning,0
39,Vegetables,246.68,15,No,315,08-02-2021,Monday,Summer,49958.94,233.05,Stormy,60+,New,0
40,Vegetables,135.89,30,No,967,09-02-2021,Tuesday,Monsoon,27069.32,114.15,Cloudy,26-40,New,1
41,Vegetables,141.93,30,No,979,10-02-2021,Wednesday,Summer,42890.45,149.14,Cloudy,60+,Returning,1
42,Fruits,370.55,25,Yes,662,11-02-2021,Thursday,Monsoon,24552.23,348.36,Rainy,41-60,Returning,1
43,Snacks,357.92,5,No,356,12-02-2021,Friday,Winter,5030.51,359.95,Rainy,18-25,Returning,0
44,Dairy,345.78,10,Yes,551,13-02-2021,Saturday,Spring,19704.58,310.17,Sunny,60+,New,1
45,Snacks,196.85,30,Yes,98,14-02-2021,Sunday,Spring,49953.55,191.43,Sunny,41-60,New,0
46,Snacks,71.86,10,Yes,552,15-02-2021,Monday,Winter,43167.87,58.06,Sunny,60+,New,1
47,Fruits,345.72,5,No,738,16-02-2021,Tuesday,Monsoon,40003.71,343.02,Cloudy,41-60,Returning,1
48,Fruits,241.28,20,Yes,300,17-02-2021,Wednesday,Winter,8463.89,210.37,Rainy,60+,New,0
49,Vegetables,211.88,5,Yes,182,18-02-2021,Thursday,Winter,14451.67,195.72,Sunny,26-40,New,0
50,Vegetables,225.5,20,No,176,19-02-2021,Friday,Spring,16793.44,229.71,Stormy,26-40,New,0
51,Dairy,424.6,20,No,324,20-02-2021,Saturday,Spring,49743.67,459.34,Cloudy,41-60,Returning,0
52,Vegetables,257.42,10,No,496,21-02-2021,Sunday,Summer,35979.37,304.26,Rainy,18-25,Returning,0
53,Beverages,281,15,Yes,841,22-02-2021,Monday,Winter,19563.43,281.21,Stormy,18-25,Returning,1
54,Dairy,248.93,30,Yes,985,23-02-2021,Tuesday,Winter,5143.73,257.83,Sunny,60+,New,1
55,Vegetables,372.87,20,No,751,24-02-2021,Wednesday,Monsoon,29254.41,362.3,Sunny,60+,Returning,1
56,Beverages,210.24,15,Yes,588,25-02-2021,Thursday,Winter,43407.46,203.29,Stormy,60+,Returning,1
57,Snacks,477.45,25,No,271,26-02-2021,Friday,Winter,18499.28,412.12,Sunny,60+,New,0
58,Snacks,99.8,15,No,36,27-02-2021,Saturday,Winter,29637.03,80.82,Rainy,41-60,New,0
59,Beverages,276.39,10,Yes,894,28-02-2021,Sunday,Summer,48239.69,297.05,Stormy,18-25,New,1
60,Vegetables,21.55,10,No,397,01-03-2021,Monday,Summer,32016.89,20.56,Sunny,18-25,New,0
61,Vegetables,384.62,25,Yes,945,02-03-2021,Tuesday,Spring,33961.08,371.04,Rainy,26-40,Returning,1
62,Fruits,221.3,30,Yes,94,03-03-2021,Wednesday,Summer,20798,253.51,Rainy,60+,Returning,0
63,Vegetables,490.57,5,No,809,04-03-2021,Thursday,Spring,6423.04,482.37,Sunny,26-40,New,1
64,Fruits,62.13,30,No,956,05-03-2021,Friday,Winter,27193.06,72.73,Rainy,18-25,Returning,1
65,Beverages,446.73,25,No,461,06-03-2021,Saturday,Monsoon,38070.14,459.93,Rainy,18-25,New,0
66,Vegetables,11.47,10,Yes,265,07-03-2021,Sunday,Monsoon,20259.39,12.41,Rainy,18-25,Returning,0
67,Dairy,378.1,15,No,644,08-03-2021,Monday,Summer,47394.56,307.7,Rainy,26-40,New,1
68,Fruits,336.34,25,Yes,457,09-03-2021,Tuesday,Spring,15249.33,381.57,Rainy,60+,New,0
69,Dairy,199.2,30,Yes,990,10-03-2021,Wednesday,Monsoon,26921.17,172.1,Stormy,18-25,Returning,1
70,Fruits,149.18,25,Yes,535,11-03-2021,Thursday,Spring,10259.4,168.67,Cloudy,18-25,Returning,1
71,Beverages,132.08,10,Yes,592,12-03-2021,Friday,Winter,35073.97,117.46,Stormy,18-25,Returning,1
72,Vegetables,426.31,10,No,54,13-03-2021,Saturday,Monsoon,11330.81,385.95,Sunny,26-40,New,0
73,Beverages,116.55,10,No,285,14-03-2021,Sunday,Summer,49570.48,123.33,Sunny,18-25,New,0
74,Fruits,85.13,10,Yes,14,15-03-2021,Monday,Summer,49641.9,73.46,Rainy,26-40,New,0
75,Snacks,163.7,15,Yes,539,16-03-2021,Tuesday,Monsoon,40642.08,171.66,Sunny,41-60,New,1
76,Fruits,123.47,15,No,666,17-03-2021,Wednesday,Monsoon,10450.46,101.12,Stormy,41-60,New,1
77,Fruits,369.47,15,No,725,18-03-2021,Thursday,Winter,42361.46,307.54,Cloudy,18-25,Returning,1
78,Snacks,251.13,30,No,577,19-03-2021,Friday,Spring,43084.23,268.17,Sunny,18-25,New,1
79,Beverages,220.41,15,No,151,20-03-2021,Saturday,Spring,19936.16,181.78,Sunny,26-40,New,0
80,Dairy,416.14,30,Yes,754,21-03-2021,Sunday,Winter,18809.14,333.09,Stormy,41-60,New,1
81,Snacks,222.19,20,No,796,22-03-2021,Monday,Monsoon,28943.13,236.52,Sunny,18-25,New,1
82,Dairy,282.27,15,No,155,23-03-2021,Tuesday,Winter,44748.02,301.72,Stormy,26-40,New,0
83,Vegetables,113.4,30,Yes,855,24-03-2021,Wednesday,Spring,42398.92,132.13,Stormy,60+,Returning,1
84,Fruits,274.87,5,No,896,25-03-2021,Thursday,Monsoon,48254.04,240.38,Rainy,26-40,Returning,1
85,Vegetables,272.37,15,Yes,199,26-03-2021,Friday,Winter,14577.26,245.07,Stormy,26-40,New,0
86,Beverages,421.28,30,No,903,27-03-2021,Saturday,Spring,29246.89,461.81,Cloudy,41-60,Returning,1
87,Beverages,287.49,30,Yes,755,28-03-2021,Sunday,Spring,7724.82,339.42,Stormy,41-60,Returning,1
88,Fruits,369.33,20,No,677,29-03-2021,Monday,Summer,41274.88,354,Rainy,41-60,Returning,1
89,Dairy,314.26,25,No,96,30-03-2021,Tuesday,Winter,14039.85,338.46,Rainy,41-60,Returning,0
90,Vegetables,240.82,5,No,534,31-03-2021,Wednesday,Summer,37259.75,241.45,Sunny,26-40,New,1
91,Snacks,335.66,10,Yes,685,01-04-2021,Thursday,Spring,35268.56,364.91,Cloudy,60+,New,1
92,Vegetables,499.57,25,No,641,02-04-2021,Friday,Spring,38136.61,545.87,Cloudy,26-40,New,1
93,Beverages,252.33,25,No,176,03-04-2021,Saturday,Summer,37297.42,216.65,Cloudy,41-60,New,0
94,Beverages,154.06,5,Yes,274,04-04-2021,Sunday,Spring,38818.72,129.68,Sunny,60+,Returning,0
95,Fruits,325.36,20,Yes,264,05-04-2021,Monday,Winter,15423.78,274.18,Stormy,26-40,New,0
96,Vegetables,320.02,5,Yes,645,06-04-2021,Tuesday,Monsoon,24310.17,376.44,Rainy,26-40,Returning,1
97,Fruits,371.52,10,Yes,293,07-04-2021,Wednesday,Summer,38616.03,332.53,Stormy,60+,New,0
98,Dairy,170.18,20,No,318,08-04-2021,Thursday,Spring,42958.69,170.07,Stormy,41-60,New,0
99,Snacks,445.65,25,No,451,09-04-2021,Friday,Monsoon,22499.86,454.65,Rainy,41-60,New,0
100,Vegetables,162.55,25,No,938,10-04-2021,Saturday,Summer,48166.23,151.61,Cloudy,41-60,Returning,1
101,Snacks,245.97,15,Yes,484,11-04-2021,Sunday,Summer,49362.63,273.02,Sunny,26-40,New,0
102,Fruits,256.72,20,No,841,12-04-2021,Monday,Summer,41894.93,259.13,Rainy,18-25,Returning,1
103,Snacks,47.96,10,No,895,13-04-2021,Tuesday,Monsoon,13111.86,39.54,Rainy,26-40,New,1
104,Vegetables,273.57,20,Yes,434,14-04-2021,Wednesday,Winter,29241.55,257.4,Sunny,41-60,New,0
105,Fruits,334.88,30,No,535,15-04-2021,Thursday,Spring,12258.31,304.03,Stormy,41-60,Returning,1
106,Dairy,143.98,5,No,303,16-04-2021,Friday,Winter,38484.26,133.74,Sunny,26-40,Returning,0
107,Fruits,218.7,15,Yes,371,17-04-2021,Saturday,Winter,32274.53,258.02,Rainy,41-60,Returning,0
108,Snacks,429.44,20,No,694,18-04-2021,Sunday,Monsoon,24779.14,500.34,Cloudy,26-40,Returning,1
109,Dairy,417.02,5,Yes,797,19-04-2021,Monday,Spring,29247.57,449.05,Sunny,18-25,Returning,1
110,Snacks,283.37,5,Yes,480,20-04-2021,Tuesday,Summer,25848.14,259.08,Rainy,26-40,New,0
111,Dairy,148.39,5,No,709,21-04-2021,Wednesday,Spring,23180.08,129.35,Cloudy,41-60,Returning,1
112,Beverages,476.41,30,Yes,511,22-04-2021,Thursday,Monsoon,46132.7,457.53,Sunny,18-25,Returning,1
113,Fruits,420.47,5,Yes,448,23-04-2021,Friday,Spring,20921.42,343.44,Sunny,26-40,New,0
114,Vegetables,96.24,10,Yes,477,24-04-2021,Saturday,Spring,22553.5,77.65,Stormy,41-60,New,0
115,Beverages,354.51,15,No,602,25-04-2021,Sunday,Monsoon,10882.54,371.39,Rainy,26-40,New,1
116,Beverages,370.75,5,Yes,592,26-04-2021,Monday,Winter,35782.71,437.95,Rainy,60+,Returning,1
117,Snacks,465.98,5,No,746,27-04-2021,Tuesday,Spring,43526.58,419.25,Stormy,60+,New,1
118,Dairy,81.39,30,Yes,802,28-04-2021,Wednesday,Summer,32468.7,93.14,Stormy,41-60,Returning,1
119,Fruits,32.58,20,No,640,29-04-2021,Thursday,Summer,5631.35,31.91,Stormy,60+,Returning,1
120,Fruits,464.97,20,No,691,30-04-2021,Friday,Monsoon,7547.84,543.39,Rainy,60+,New,1
121,Dairy,439.53,10,Yes,951,01-05-2021,Saturday,Summer,6097.46,427.75,Sunny,26-40,Returning,1
122,Snacks,424.11,5,Yes,726,02-05-2021,Sunday,Monsoon,7311.66,502.88,Cloudy,26-40,New,1
123,Beverages,476.79,15,No,791,03-05-2021,Monday,Summer,25820.34,389.41,Cloudy,18-25,New,1
124,Fruits,304.86,30,No,106,04-05-2021,Tuesday,Winter,16854.61,312.53,Cloudy,26-40,Returning,0
125,Fruits,345.2,15,No,675,05-05-2021,Wednesday,Winter,35823.01,309.03,Rainy,60+,New,1
126,Snacks,169.93,15,No,880,06-05-2021,Thursday,Summer,11480.22,185.55,Rainy,41-60,New,1
127,Vegetables,301.35,10,Yes,354,07-05-2021,Friday,Monsoon,12776.39,245.13,Rainy,18-25,New,0
128,Beverages,234.48,20,No,149,08-05-2021,Saturday,Monsoon,18167.52,244.32,Rainy,18-25,New,0
129,Beverages,74.55,15,Yes,584,09-05-2021,Sunday,Monsoon,22120.43,63.54,Rainy,60+,New,1
130,Snacks,362.77,25,No,234,10-05-2021,Monday,Spring,9394.88,377.88,Stormy,60+,Returning,0
131,Vegetables,223.14,20,No,898,11-05-2021,Tuesday,Winter,31006.77,219.41,Stormy,26-40,New,1
132,Vegetables,438.01,10,No,715,12-05-2021,Wednesday,Summer,26887.74,432.49,Sunny,26-40,Returning,1
133,Snacks,86.9,10,Yes,503,13-05-2021,Thursday,Winter,44676.35,81.5,Rainy,18-25,Returning,1
134,Dairy,124.53,20,No,276,14-05-2021,Friday,Monsoon,36164.71,108.34,Rainy,41-60,Returning,0
135,Snacks,177.75,15,No,715,15-05-2021,Saturday,Winter,11997.09,166.5,Rainy,26-40,Returning,1
136,Vegetables,47.35,15,Yes,117,16-05-2021,Sunday,Monsoon,16805.71,42.81,Sunny,60+,New,0
137,Snacks,151.13,10,No,456,17-05-2021,Monday,Winter,41049.67,151.18,Stormy,41-60,Returning,0
138,Vegetables,410.95,5,No,554,18-05-2021,Tuesday,Spring,29348.93,387.93,Rainy,60+,Returning,1
139,Dairy,201.13,5,No,430,19-05-2021,Wednesday,Winter,42022.66,175.29,Stormy,60+,New,0
140,Beverages,181.78,30,No,159,20-05-2021,Thursday,Spring,32167.62,162.6,Cloudy,41-60,New,0
141,Snacks,410.81,25,Yes,727,21-05-2021,Friday,Spring,47109.44,419.43,Cloudy,60+,New,1
142,Snacks,205.13,20,Yes,705,22-05-2021,Saturday,Monsoon,28780.35,167.03,Stormy,18-25,Returning,1
143,Beverages,343.44,25,No,777,23-05-2021,Sunday,Monsoon,16690.39,313.66,Cloudy,18-25,Returning,1
144,Fruits,266.69,30,No,651,24-05-2021,Monday,Spring,10509.67,225,Sunny,41-60,New,1
145,Snacks,314.47,10,Yes,869,25-05-2021,Tuesday,Spring,23217.68,300.76,Stormy,60+,New,1
146,Dairy,399.71,25,No,789,26-05-2021,Wednesday,Monsoon,30404.08,439.13,Cloudy,26-40,New,1
147,Fruits,301.33,5,No,636,27-05-2021,Thursday,Winter,32455.47,251.09,Cloudy,60+,Returning,1
148,Snacks,424.19,30,No,747,28-05-2021,Friday,Spring,47030.76,454.03,Rainy,26-40,New,1
149,Vegetables,326.41,10,Yes,979,29-05-2021,Saturday,Winter,49117.29,266.2,Rainy,41-60,New,1
150,Snacks,383.83,20,No,957,30-05-2021,Sunday,Monsoon,13851.06,326.5,Cloudy,26-40,Returning,1
151,Snacks,190.57,5,No,963,31-05-2021,Monday,Summer,16779.27,209.42,Sunny,18-25,Returning,1
152,Vegetables,81.01,30,No,724,01-06-2021,Tuesday,Spring,27782.67,83.13,Cloudy,26-40,Returning,1
153,Vegetables,393.96,5,Yes,522,02-06-2021,Wednesday,Winter,43526.21,425.43,Rainy,60+,New,1
154,Snacks,197.42,30,Yes,168,03-06-2021,Thursday,Winter,35756.28,234.4,Stormy,18-25,Returning,0
155,Dairy,412.41,25,Yes,519,04-06-2021,Friday,Winter,22002.28,418.18,Cloudy,18-25,Returning,1
156,Snacks,13.95,10,Yes,951,05-06-2021,Saturday,Winter,39671.53,15.37,Stormy,60+,Returning,1
157,Fruits,319.98,10,Yes,130,06-06-2021,Sunday,Monsoon,10594.17,311.2,Cloudy,18-25,New,0
158,Dairy,26.07,10,Yes,897,07-06-2021,Monday,Summer,44565.42,21.56,Cloudy,60+,Returning,1
159,Dairy,110.34,10,Yes,776,08-06-2021,Tuesday,Winter,24330.79,122.61,Sunny,18-25,New,1
160,Snacks,376.3,30,No,488,09-06-2021,Wednesday,Summer,29336.14,325.73,Stormy,60+,New,0
161,Fruits,126.72,30,Yes,148,10-06-2021,Thursday,Monsoon,38893.48,141.68,Rainy,41-60,Returning,0
162,Vegetables,492.91,25,Yes,132,11-06-2021,Friday,Monsoon,49988.05,527.17,Sunny,18-25,Returning,0
163,Beverages,322.96,25,No,328,12-06-2021,Saturday,Monsoon,16341.77,356.41,Rainy,41-60,Returning,0
164,Dairy,359.34,20,No,76,13-06-2021,Sunday,Winter,20182.51,371.39,Sunny,41-60,Returning,0
165,Snacks,168.59,25,Yes,206,14-06-2021,Monday,Winter,34550.95,156.69,Sunny,60+,New,0
166,Beverages,67.36,15,Yes,847,15-06-2021,Tuesday,Winter,49810.41,54.98,Sunny,60+,Returning,1
167,Vegetables,284.09,5,No,674,16-06-2021,Wednesday,Winter,49726.28,309.85,Sunny,26-40,Returning,1
168,Beverages,123.42,20,Yes,647,17-06-2021,Thursday,Summer,31768.23,107.46,Cloudy,41-60,New,1
169,Vegetables,262.5,5,Yes,380,18-06-2021,Friday,Spring,28197.64,213.38,Rainy,26-40,Returning,0
170,Fruits,240.13,20,Yes,611,19-06-2021,Saturday,Winter,18692.55,268.74,Sunny,41-60,Returning,1
171,Vegetables,235.28,15,No,385,20-06-2021,Sunday,Spring,10451.83,191.17,Stormy,26-40,Returning,0
172,Beverages,141.55,30,No,935,21-06-2021,Monday,Monsoon,17830.73,115.9,Rainy,60+,Returning,1
173,Snacks,177.37,5,Yes,467,22-06-2021,Tuesday,Monsoon,26413.12,184,Rainy,26-40,Returning,0
174,Fruits,171.8,5,Yes,165,23-06-2021,Wednesday,Spring,25477.71,138.46,Cloudy,18-25,Returning,0
175,Dairy,188.69,25,No,494,24-06-2021,Thursday,Monsoon,5014.7,191.61,Rainy,18-25,New,0
176,Fruits,189.17,15,Yes,508,25-06-2021,Friday,Monsoon,28518.85,210.45,Rainy,26-40,Returning,1
177,Vegetables,427.22,5,Yes,152,26-06-2021,Saturday,Summer,10891.09,364.63,Stormy,18-25,Returning,0
178,Vegetables,44.19,20,Yes,985,27-06-2021,Sunday,Summer,36210.43,52.26,Stormy,41-60,New,1
179,Snacks,324.26,25,Yes,234,28-06-2021,Monday,Spring,40572.92,364.65,Sunny,26-40,New,0
180,Vegetables,212.97,10,Yes,782,29-06-2021,Tuesday,Summer,17937.35,193.87,Cloudy,18-25,New,1
181,Fruits,59.94,30,Yes,203,30-06-2021,Wednesday,Summer,47309.33,49.12,Sunny,26-40,Returning,0
182,Vegetables,479.96,15,No,344,01-07-2021,Thursday,Winter,16482.26,433.23,Stormy,26-40,New,0
183,Fruits,468.15,20,No,501,02-07-2021,Friday,Winter,10231.14,431.24,Sunny,60+,New,1
184,Vegetables,223.9,10,No,285,03-07-2021,Saturday,Spring,20234.27,214.54,Sunny,18-25,Returning,0
185,Vegetables,337.7,30,No,325,04-07-2021,Sunday,Summer,24997.03,311.98,Stormy,60+,New,0
186,Snacks,437.5,10,Yes,524,05-07-2021,Monday,Winter,29732.35,429.39,Stormy,26-40,Returning,1
187,Fruits,303.44,20,Yes,45,06-07-2021,Tuesday,Winter,16894.73,327.13,Rainy,60+,New,0
188,Fruits,340.9,30,No,247,07-07-2021,Wednesday,Spring,13286.48,311.79,Rainy,60+,Returning,0
189,Vegetables,140.25,25,Yes,200,08-07-2021,Thursday,Summer,14954.53,136.3,Sunny,18-25,New,0
190,Fruits,126.01,15,No,526,09-07-2021,Friday,Monsoon,20839.71,105.02,Rainy,26-40,New,1
191,Fruits,386.82,15,Yes,817,10-07-2021,Saturday,Spring,31508.69,314.48,Cloudy,18-25,New,1
192,Snacks,416.56,15,No,30,11-07-2021,Sunday,Winter,44895.16,349.59,Cloudy,18-25,Returning,0
193,Snacks,22.6,5,Yes,103,12-07-2021,Monday,Winter,43922.08,25.28,Cloudy,18-25,Returning,0
194,Dairy,458.38,5,No,124,13-07-2021,Tuesday,Spring,45627.35,418.74,Stormy,18-25,Returning,0
195,Fruits,13.57,5,Yes,89,14-07-2021,Wednesday,Spring,40031.76,14.96,Rainy,18-25,Returning,0
196,Dairy,190.43,20,No,861,15-07-2021,Thursday,Winter,48650.1,193.15,Rainy,60+,New,1
197,Dairy,291.69,30,Yes,194,16-07-2021,Friday,Monsoon,31287.15,263.59,Stormy,41-60,Returning,0
198,Dairy,392.94,20,No,294,17-07-2021,Saturday,Monsoon,46546.76,454.47,Rainy,18-25,Returning,0
199,Fruits,452.48,5,No,58,18-07-2021,Sunday,Monsoon,13458.08,506.03,Stormy,41-60,New,0
200,Beverages,47.1,25,Yes,744,19-07-2021,Monday,Spring,44554.07,45.04,Cloudy,41-60,New,1
201,Snacks,175.07,20,Yes,524,20-07-2021,Tuesday,Spring,44460.26,173.4,Stormy,60+,New,1
202,Beverages,410.86,30,No,784,21-07-2021,Wednesday,Spring,11971.22,348.77,Sunny,60+,New,1
203,Snacks,87.35,25,Yes,78,22-07-2021,Thursday,Summer,27351.33,80.63,Stormy,41-60,Returning,0
204,Snacks,92.19,25,Yes,592,23-07-2021,Friday,Summer,14849.15,107.37,Sunny,60+,New,1
205,Beverages,151.08,15,Yes,402,24-07-2021,Saturday,Spring,45833.79,148.14,Stormy,18-25,New,0
206,Fruits,327.31,25,No,529,25-07-2021,Sunday,Spring,43948.52,345.42,Stormy,18-25,Returning,1
207,Snacks,288.17,10,Yes,705,26-07-2021,Monday,Spring,24800,294.75,Sunny,26-40,New,1
208,Beverages,86.78,5,Yes,844,27-07-2021,Tuesday,Monsoon,10997.77,86.02,Rainy,60+,New,1
209,Dairy,332.1,20,Yes,913,28-07-2021,Wednesday,Spring,13300.96,363.01,Stormy,18-25,Returning,1
210,Snacks,66.45,25,Yes,193,29-07-2021,Thursday,Spring,36932.6,73.32,Cloudy,41-60,Returning,0
211,Snacks,70.37,20,Yes,823,30-07-2021,Friday,Summer,34210.75,64.15,Stormy,60+,Returning,1
212,Vegetables,96.3,15,Yes,70,31-07-2021,Saturday,Spring,26719.3,99.67,Sunny,18-25,New,0
213,Fruits,381.58,5,No,157,01-08-2021,Sunday,Monsoon,22441.33,347.63,Stormy,60+,Returning,0
214,Beverages,248.55,5,No,529,02-08-2021,Monday,Summer,31762.16,199.42,Cloudy,41-60,New,1
215,Fruits,166.22,20,Yes,91,03-08-2021,Tuesday,Summer,11986.86,135.67,Cloudy,41-60,Returning,0
216,Dairy,452.76,25,Yes,714,04-08-2021,Wednesday,Winter,42423.84,436.35,Rainy,18-25,New,1
217,Beverages,85.24,20,No,991,05-08-2021,Thursday,Spring,21192.36,70,Sunny,60+,New,1
218,Vegetables,392.99,30,No,868,06-08-2021,Friday,Summer,41984.58,395.15,Cloudy,41-60,Returning,1
219,Fruits,272.13,10,Yes,958,07-08-2021,Saturday,Summer,37845.07,309.24,Stormy,41-60,New,1
220,Fruits,64.49,5,No,958,08-08-2021,Sunday,Summer,22976.95,65.11,Rainy,26-40,Returning,1
221,Vegetables,429.28,30,Yes,173,09-08-2021,Monday,Spring,31224.65,363.49,Sunny,60+,Returning,0
222,Fruits,68.15,30,Yes,427,10-08-2021,Tuesday,Monsoon,24459.69,71.15,Sunny,18-25,New,0
223,Dairy,431.88,10,Yes,319,11-08-2021,Wednesday,Winter,24310.94,357.49,Stormy,18-25,Returning,0
224,Fruits,30.64,20,Yes,719,12-08-2021,Thursday,Winter,7736.89,28.07,Rainy,18-25,Returning,1
225,Fruits,366.1,20,Yes,188,13-08-2021,Friday,Monsoon,22504.58,400.02,Rainy,26-40,New,0
226,Fruits,297.29,30,Yes,672,14-08-2021,Saturday,Winter,13370.48,319.24,Sunny,18-25,New,1
227,Dairy,232.77,5,No,367,15-08-2021,Sunday,Summer,24373.69,227.28,Stormy,60+,New,0
228,Vegetables,197.17,10,Yes,974,16-08-2021,Monday,Spring,38501.86,180.97,Sunny,18-25,Returning,1
229,Vegetables,461.88,15,Yes,40,17-08-2021,Tuesday,Winter,9367.9,413.5,Sunny,60+,New,0
230,Beverages,201.87,25,Yes,587,18-08-2021,Wednesday,Monsoon,32683.77,209.48,Sunny,60+,Returning,1
231,Vegetables,236.03,20,Yes,823,19-08-2021,Thursday,Monsoon,25803.92,235,Stormy,26-40,Returning,1
232,Snacks,286.35,25,Yes,112,20-08-2021,Friday,Monsoon,17385.08,315.39,Cloudy,41-60,New,0
233,Snacks,147.24,30,No,873,21-08-2021,Saturday,Winter,23884.62,149.82,Rainy,41-60,New,1
234,Fruits,357.49,5,Yes,360,22-08-2021,Sunday,Winter,37268.77,312.83,Cloudy,26-40,Returning,0
235,Snacks,203.41,10,Yes,403,23-08-2021,Monday,Spring,38098.68,229.42,Stormy,60+,New,0
236,Fruits,43.58,10,Yes,567,24-08-2021,Tuesday,Winter,20457.57,36.09,Rainy,60+,New,1
237,Fruits,139.32,5,No,313,25-08-2021,Wednesday,Spring,32554.7,165.72,Rainy,18-25,New,0
238,Beverages,164.77,10,Yes,374,26-08-2021,Thursday,Winter,30546.46,171.58,Rainy,18-25,New,0
239,Beverages,479.74,25,Yes,421,27-08-2021,Friday,Monsoon,29480.62,528.53,Cloudy,60+,New,0
240,Dairy,490.48,5,No,121,28-08-2021,Saturday,Winter,17022.37,499.31,Sunny,41-60,Returning,0
241,Snacks,175.71,20,No,337,29-08-2021,Sunday,Summer,39854.89,192.34,Rainy,18-25,New,0
242,Snacks,116.71,10,No,525,30-08-2021,Monday,Monsoon,12862.97,116.19,Stormy,18-25,Returning,1
243,Beverages,476.56,15,No,578,31-08-2021,Tuesday,Winter,29422.88,420.93,Stormy,60+,Returning,1
244,Beverages,58.6,30,Yes,595,01-09-2021,Wednesday,Monsoon,5661.68,59.4,Sunny,18-25,Returning,1
245,Vegetables,198.41,5,No,667,02-09-2021,Thursday,Summer,46538.15,209.07,Stormy,60+,Returning,1
246,Beverages,446.71,10,No,271,03-09-2021,Friday,Winter,9848.58,413.32,Cloudy,26-40,Returning,0
247,Dairy,185.47,30,No,594,04-09-2021,Saturday,Summer,16265.92,209.19,Sunny,41-60,New,1
248,Vegetables,51.69,25,No,760,05-09-2021,Sunday,Spring,11383.24,53.49,Rainy,26-40,Returning,1
249,Vegetables,52.26,20,No,273,06-09-2021,Monday,Winter,30436.2,50.43,Stormy,60+,New,0
250,Snacks,142.99,10,No,488,07-09-2021,Tuesday,Monsoon,24388.8,129.12,Rainy,41-60,New,0
251,Snacks,108.76,5,No,865,08-09-2021,Wednesday,Summer,30254.14,103.84,Stormy,41-60,New,1
252,Snacks,369.33,15,No,491,09-09-2021,Thursday,Summer,46419.76,313.08,Sunny,26-40,New,0
253,Beverages,186.74,30,Yes,455,10-09-2021,Friday,Monsoon,32022.21,197.03,Cloudy,18-25,New,0
254,Snacks,379.12,5,Yes,289,11-09-2021,Saturday,Summer,23398.8,379.56,Cloudy,18-25,Returning,0
255,Vegetables,269.31,25,No,94,12-09-2021,Sunday,Spring,25460.79,219.97,Cloudy,18-25,Returning,0
256,Vegetables,94.57,15,Yes,664,13-09-2021,Monday,Winter,36500.51,84.33,Rainy,41-60,Returning,1
257,Snacks,167.03,30,No,360,14-09-2021,Tuesday,Winter,11777.33,189.5,Rainy,41-60,New,0
258,Dairy,372.89,15,Yes,508,15-09-2021,Wednesday,Monsoon,10208.84,387.61,Cloudy,60+,New,1
259,Snacks,293.2,15,No,810,16-09-2021,Thursday,Monsoon,43883.69,326.68,Cloudy,60+,New,1
260,Vegetables,229.9,25,No,438,17-09-2021,Friday,Winter,24642.96,221.23,Cloudy,41-60,New,0
261,Snacks,297.87,20,No,933,18-09-2021,Saturday,Winter,11190.2,241.19,Rainy,60+,Returning,1
262,Vegetables,172.96,15,No,949,19-09-2021,Sunday,Monsoon,10109.91,146.95,Stormy,60+,New,1
263,Beverages,279.74,15,Yes,805,20-09-2021,Monday,Monsoon,48829.09,239.01,Sunny,26-40,New,1
264,Vegetables,408.9,20,Yes,974,21-09-2021,Tuesday,Monsoon,18161.89,426.52,Stormy,41-60,Returning,1
265,Dairy,486.55,25,Yes,166,22-09-2021,Wednesday,Summer,33896.78,573.68,Cloudy,26-40,New,0
266,Fruits,382.72,20,No,435,23-09-2021,Thursday,Summer,32890.65,361.93,Stormy,18-25,Returning,0
267,Fruits,172.73,25,No,442,24-09-2021,Friday,Monsoon,17482.3,192.27,Stormy,26-40,Returning,0
268,Vegetables,207.78,10,No,418,25-09-2021,Saturday,Winter,18595.71,216.35,Rainy,18-25,New,0
269,Dairy,413.8,30,No,998,26-09-2021,Sunday,Spring,44107.82,445.17,Cloudy,60+,Returning,1
270,Beverages,493.92,20,No,125,27-09-2021,Monday,Spring,13271.35,441.3,Stormy,60+,Returning,0
271,Vegetables,499.26,30,Yes,88,28-09-2021,Tuesday,Monsoon,48828.12,597.21,Sunny,26-40,Returning,0
272,Beverages,318.73,10,No,470,29-09-2021,Wednesday,Summer,7543.65,292.2,Rainy,60+,New,0
273,Dairy,194.82,25,No,696,30-09-2021,Thursday,Spring,43258.14,200.56,Sunny,41-60,Returning,1
274,Snacks,446.25,5,Yes,399,01-10-2021,Friday,Monsoon,17155.68,503.24,Cloudy,60+,Returning,0
275,Snacks,494.63,30,No,112,02-10-2021,Saturday,Summer,10017.89,534.4,Cloudy,60+,Returning,0
276,Dairy,66.85,15,Yes,313,03-10-2021,Sunday,Spring,12671.75,78.78,Cloudy,60+,New,0
277,Dairy,127.53,25,No,959,04-10-2021,Monday,Summer,17630.43,149.94,Sunny,41-60,Returning,1
278,Fruits,210.92,25,No,829,05-10-2021,Tuesday,Summer,22452.93,187.52,Sunny,60+,Returning,1
279,Fruits,162.05,20,Yes,902,06-10-2021,Wednesday,Monsoon,31256.73,175.54,Sunny,26-40,Returning,1
280,Snacks,405.16,30,Yes,198,07-10-2021,Thursday,Spring,42517.37,398.73,Rainy,41-60,New,0
281,Dairy,282.61,20,Yes,62,08-10-2021,Friday,Summer,35666.41,307.3,Stormy,41-60,New,0
282,Snacks,209.27,30,Yes,540,09-10-2021,Saturday,Summer,25224.84,204.07,Cloudy,60+,Returning,1
283,Dairy,142.09,30,Yes,434,10-10-2021,Sunday,Spring,49073.58,146.52,Sunny,26-40,New,0
284,Fruits,53.17,15,No,311,11-10-2021,Monday,Spring,35830.37,51.9,Stormy,60+,New,0
285,Fruits,61.68,30,Yes,521,12-10-2021,Tuesday,Summer,21000.03,73.29,Cloudy,41-60,New,1
286,Vegetables,344.78,5,No,577,13-10-2021,Wednesday,Winter,44521.9,293.76,Cloudy,18-25,New,1
287,Vegetables,215.73,10,Yes,606,14-10-2021,Thursday,Spring,45350.68,192.33,Rainy,26-40,New,1
288,Vegetables,342.85,15,No,871,15-10-2021,Friday,Summer,23889.63,308,Sunny,60+,Returning,1
289,Fruits,314.25,10,No,23,16-10-2021,Saturday,Spring,26748.98,348.92,Rainy,18-25,Returning,0
290,Fruits,312.4,5,Yes,784,17-10-2021,Sunday,Monsoon,8787.35,307.66,Stormy,26-40,Returning,1
291,Snacks,477.18,15,Yes,610,18-10-2021,Monday,Winter,29036.16,496.92,Rainy,41-60,New,1
292,Fruits,326.4,15,Yes,348,19-10-2021,Tuesday,Winter,26382.92,322.46,Sunny,18-25,New,0
293,Beverages,138.36,30,Yes,310,20-10-2021,Wednesday,Summer,36153.19,153.2,Sunny,26-40,New,0
294,Fruits,199.06,15,Yes,571,21-10-2021,Thursday,Winter,16315.41,161.24,Rainy,18-25,Returning,1
295,Vegetables,94.66,30,No,449,22-10-2021,Friday,Monsoon,32121.82,101.94,Rainy,18-25,Returning,0
296,Fruits,285.17,20,Yes,899,23-10-2021,Saturday,Winter,18614.35,298.02,Cloudy,60+,New,1
297,Dairy,332.56,20,No,718,24-10-2021,Sunday,Spring,20264.34,290.97,Cloudy,60+,New,1
298,Vegetables,55.64,10,Yes,819,25-10-2021,Monday,Monsoon,26224.23,47.69,Rainy,60+,New,1
299,Vegetables,83.72,20,No,649,26-10-2021,Tuesday,Monsoon,45551.17,77.65,Stormy,18-25,New,1
300,Fruits,212.91,20,Yes,108,27-10-2021,Wednesday,Monsoon,6424.75,243.96,Cloudy,41-60,New,0
301,Dairy,400.24,30,Yes,804,28-10-2021,Thursday,Spring,22806.06,338.13,Stormy,60+,Returning,1
302,Beverages,147.54,15,No,326,29-10-2021,Friday,Summer,36132.02,119.45,Stormy,18-25,Returning,0
303,Snacks,437.72,10,No,315,30-10-2021,Saturday,Monsoon,28962.82,516.58,Sunny,26-40,Returning,0
304,Vegetables,23.72,15,Yes,86,31-10-2021,Sunday,Spring,16718.65,21.92,Stormy,41-60,Returning,0
305,Dairy,37.29,25,Yes,607,01-11-2021,Monday,Spring,14193.04,39.42,Stormy,41-60,Returning,1
306,Dairy,140.54,10,Yes,201,02-11-2021,Tuesday,Monsoon,36233.69,138.72,Cloudy,26-40,New,0
307,Dairy,322.48,5,No,105,03-11-2021,Wednesday,Spring,44280.96,362.6,Rainy,18-25,New,0
308,Fruits,212.24,20,No,466,04-11-2021,Thursday,Monsoon,42399.03,219.42,Rainy,41-60,Returning,0
309,Dairy,438.5,15,No,220,05-11-2021,Friday,Winter,10283.83,460.54,Sunny,26-40,Returning,0
310,Vegetables,223.57,25,No,599,06-11-2021,Saturday,Monsoon,7548.91,184.33,Sunny,18-25,New,1
311,Beverages,79.79,30,No,159,07-11-2021,Sunday,Monsoon,14393.01,82.84,Cloudy,41-60,Returning,0
312,Dairy,285.47,25,No,823,08-11-2021,Monday,Summer,12866.93,276.31,Rainy,26-40,New,1
313,Fruits,62.46,20,No,746,09-11-2021,Tuesday,Winter,12034.71,50.98,Stormy,60+,New,1
314,Dairy,134.49,15,No,756,10-11-2021,Wednesday,Monsoon,40486.31,107.83,Stormy,18-25,New,1
315,Dairy,207.2,30,Yes,807,11-11-2021,Thursday,Winter,33092,211.68,Cloudy,26-40,New,1
316,Vegetables,434.58,15,No,795,12-11-2021,Friday,Spring,6541.38,485.45,Sunny,26-40,New,1
317,Dairy,474.13,10,No,535,13-11-2021,Saturday,Summer,7512.51,386.74,Rainy,18-25,Returning,1
318,Dairy,388.6,10,Yes,884,14-11-2021,Sunday,Winter,6408.3,372.47,Cloudy,60+,New,1
319,Vegetables,335.99,20,Yes,883,15-11-2021,Monday,Summer,23827.31,290.95,Stormy,26-40,New,1
320,Dairy,365.62,10,Yes,553,16-11-2021,Tuesday,Spring,40394.44,381.63,Cloudy,26-40,New,1
321,Vegetables,112.24,10,No,521,17-11-2021,Wednesday,Winter,5575.85,98.42,Rainy,26-40,New,1
322,Snacks,17.1,25,No,148,18-11-2021,Thursday,Summer,35564.19,16.31,Stormy,26-40,New,0
323,Beverages,208.3,15,Yes,533,19-11-2021,Friday,Monsoon,38960.39,231.7,Stormy,18-25,New,1
324,Beverages,168.94,5,No,215,20-11-2021,Saturday,Winter,41516.68,188.4,Rainy,26-40,New,0
325,Vegetables,383.08,15,No,269,21-11-2021,Sunday,Winter,45188.71,442.84,Stormy,26-40,Returning,0
326,Dairy,141.04,30,No,123,22-11-2021,Monday,Spring,45695.9,137.01,Cloudy,26-40,Returning,0
327,Fruits,491.55,10,No,289,23-11-2021,Tuesday,Monsoon,32430.93,535.42,Sunny,18-25,New,0
328,Dairy,330.59,30,Yes,793,24-11-2021,Wednesday,Spring,30979.21,295.09,Rainy,41-60,New,1
329,Fruits,484.67,20,Yes,669,25-11-2021,Thursday,Monsoon,23462.69,427.6,Rainy,26-40,Returning,1
330,Snacks,174.97,25,Yes,551,26-11-2021,Friday,Spring,34330.07,184.96,Sunny,41-60,New,1
331,Vegetables,137.92,5,Yes,85,27-11-2021,Saturday,Spring,18919.21,159.09,Stormy,41-60,Returning,0
332,Vegetables,128.09,5,No,808,28-11-2021,Sunday,Winter,24507.39,124.78,Sunny,41-60,Returning,1
333,Dairy,370.15,20,Yes,972,29-11-2021,Monday,Summer,32362.95,399.22,Stormy,18-25,New,1
334,Fruits,78.89,30,No,986,30-11-2021,Tuesday,Monsoon,7543.43,91.05,Stormy,26-40,New,1
335,Snacks,411.27,25,Yes,984,01-12-2021,Wednesday,Monsoon,25659.25,436.89,Sunny,60+,Returning,1
336,Fruits,63.18,5,Yes,334,02-12-2021,Thursday,Winter,23772.41,62.82,Stormy,26-40,Returning,0
337,Dairy,180.57,20,Yes,973,03-12-2021,Friday,Spring,8430.83,170.65,Sunny,26-40,Returning,1
338,Dairy,424.12,20,No,147,04-12-2021,Saturday,Spring,11011.44,433.1,Cloudy,18-25,Returning,0
339,Dairy,421.28,15,Yes,338,05-12-2021,Sunday,Spring,26091.68,442.69,Cloudy,18-25,Returning,0
340,Dairy,342.71,10,Yes,426,06-12-2021,Monday,Summer,48696.86,407.19,Rainy,18-25,Returning,0
341,Beverages,453.93,5,No,204,07-12-2021,Tuesday,Spring,7809.42,390.75,Cloudy,18-25,Returning,0
342,Beverages,316.06,25,No,506,08-12-2021,Wednesday,Spring,18154.47,306.4,Sunny,60+,New,1
343,Dairy,308.52,10,Yes,823,09-12-2021,Thursday,Monsoon,16255.08,335.34,Sunny,60+,New,1
344,Snacks,298.11,5,Yes,834,10-12-2021,Friday,Summer,47768.26,306.45,Sunny,18-25,Returning,1
345,Snacks,137.76,30,Yes,37,11-12-2021,Saturday,Summer,28373.8,162,Cloudy,26-40,New,0
346,Fruits,115.42,10,No,696,12-12-2021,Sunday,Spring,24530.55,119.94,Stormy,41-60,New,1
347,Vegetables,91.12,5,Yes,950,13-12-2021,Monday,Monsoon,30171.37,107.36,Rainy,60+,Returning,1
348,Vegetables,155.72,15,No,186,14-12-2021,Tuesday,Spring,14556.32,143.81,Rainy,41-60,New,0
349,Snacks,246.11,15,Yes,600,15-12-2021,Wednesday,Summer,21420.19,280.17,Cloudy,18-25,Returning,1
350,Beverages,275.46,5,Yes,546,16-12-2021,Thursday,Summer,20633.74,247.6,Rainy,41-60,Returning,1
351,Beverages,235.41,20,No,289,17-12-2021,Friday,Summer,19111.04,190.49,Stormy,18-25,Returning,0
352,Dairy,278.13,15,No,348,18-12-2021,Saturday,Winter,36315.32,244.78,Cloudy,60+,Returning,0
353,Fruits,179.55,5,Yes,973,19-12-2021,Sunday,Winter,13517.28,177.21,Sunny,18-25,New,1
354,Snacks,376.48,20,No,658,20-12-2021,Monday,Summer,49811.53,303.25,Sunny,41-60,New,1
355,Dairy,120.99,30,No,99,21-12-2021,Tuesday,Monsoon,11379.82,99.21,Sunny,26-40,Returning,0
356,Fruits,12.31,20,No,171,22-12-2021,Wednesday,Monsoon,26263.28,9.89,Cloudy,18-25,Returning,0
357,Dairy,250.89,10,No,200,23-12-2021,Thursday,Summer,39679.09,279.58,Stormy,26-40,New,0
358,Fruits,174.3,20,Yes,606,24-12-2021,Friday,Winter,36633.39,204.64,Cloudy,60+,Returning,1
359,Snacks,172.02,30,No,724,25-12-2021,Saturday,Monsoon,23998.78,202.24,Cloudy,60+,Returning,1
360,Snacks,416,25,No,716,26-12-2021,Sunday,Monsoon,24051.97,415.88,Sunny,41-60,New,1
361,Beverages,160.61,10,No,181,27-12-2021,Monday,Spring,7747.34,146.86,Cloudy,18-25,Returning,0
362,Snacks,440.76,10,No,240,28-12-2021,Tuesday,Spring,49141.89,378.07,Stormy,60+,Returning,0
363,Beverages,106.42,5,Yes,572,29-12-2021,Wednesday,Spring,25990.13,118.44,Rainy,18-25,New,1
364,Dairy,345.65,30,No,139,30-12-2021,Thursday,Summer,17598.77,347.02,Stormy,26-40,New,0
365,Fruits,391.21,5,Yes,75,31-12-2021,Friday,Monsoon,40448.02,389.18,Cloudy,60+,New,0
366,Beverages,110.68,10,Yes,561,01-01-2022,Saturday,Summer,13945.55,116.34,Cloudy,60+,Returning,1
367,Beverages,458.57,20,No,530,02-01-2022,Sunday,Spring,6892.31,408.38,Cloudy,60+,New,1
368,Fruits,35.55,15,Yes,88,03-01-2022,Monday,Winter,8916.52,33.66,Sunny,41-60,Returning,0
369,Vegetables,269.95,20,Yes,904,04-01-2022,Tuesday,Spring,26991.37,236.68,Rainy,18-25,New,1
370,Dairy,82.05,10,Yes,29,05-01-2022,Wednesday,Winter,28754.67,90.78,Stormy,26-40,Returning,0
371,Beverages,387.97,5,Yes,959,06-01-2022,Thursday,Winter,49243.5,405.78,Stormy,41-60,Returning,1
372,Vegetables,408.42,30,No,955,07-01-2022,Friday,Monsoon,17401.63,363.26,Cloudy,26-40,New,1
373,Snacks,319.47,30,No,291,08-01-2022,Saturday,Winter,11800.23,342.59,Cloudy,26-40,New,0
374,Vegetables,338.12,10,Yes,827,09-01-2022,Sunday,Winter,10393.62,379.84,Rainy,60+,Returning,1
375,Beverages,271.94,20,Yes,958,10-01-2022,Monday,Spring,25417.26,244.35,Stormy,26-40,New,1
376,Dairy,136.69,5,No,887,11-01-2022,Tuesday,Monsoon,21689.51,135.57,Rainy,26-40,New,1
377,Dairy,15.36,30,Yes,521,12-01-2022,Wednesday,Winter,37288.11,15.36,Stormy,18-25,New,1
378,Dairy,189.79,10,Yes,753,13-01-2022,Thursday,Monsoon,30048.09,189.92,Rainy,18-25,New,1
379,Snacks,184.17,15,Yes,505,14-01-2022,Friday,Monsoon,11130.43,202.07,Stormy,41-60,Returning,1
380,Fruits,186.41,5,Yes,326,15-01-2022,Saturday,Spring,42096.11,184.26,Sunny,26-40,New,0
381,Vegetables,165.59,5,Yes,836,16-01-2022,Sunday,Winter,20823.98,144.03,Cloudy,60+,New,1
382,Beverages,476.32,15,Yes,345,17-01-2022,Monday,Summer,34793.65,415.32,Sunny,60+,Returning,0
383,Snacks,305.19,30,No,294,18-01-2022,Tuesday,Summer,46339.66,245.61,Stormy,18-25,Returning,0
384,Dairy,320.25,30,Yes,308,19-01-2022,Wednesday,Monsoon,39480.14,352.33,Sunny,60+,Returning,0
385,Dairy,414.86,5,Yes,42,20-01-2022,Thursday,Winter,42753.93,372.41,Rainy,60+,New,0
386,Vegetables,42.13,20,No,583,21-01-2022,Friday,Summer,30742.89,38.92,Sunny,41-60,Returning,1
387,Dairy,430.72,20,No,696,22-01-2022,Saturday,Winter,47699.58,441.49,Sunny,41-60,Returning,1
388,Dairy,123.63,30,No,673,23-01-2022,Sunday,Winter,28908.56,123.53,Rainy,60+,Returning,1
389,Dairy,135.95,10,Yes,293,24-01-2022,Monday,Summer,49865.23,155.65,Cloudy,41-60,New,0
390,Dairy,408.23,10,Yes,763,25-01-2022,Tuesday,Winter,31474.22,488.44,Rainy,18-25,Returning,1
391,Vegetables,235.47,30,No,281,26-01-2022,Wednesday,Summer,49611.34,234.33,Stormy,18-25,New,0
392,Snacks,16.98,10,No,571,27-01-2022,Thursday,Winter,19186.94,17.81,Stormy,18-25,Returning,1
393,Fruits,81.61,25,No,989,28-01-2022,Friday,Monsoon,14831.94,92.04,Stormy,41-60,New,1
394,Beverages,56.66,30,No,824,29-01-2022,Saturday,Monsoon,28192.72,46.46,Rainy,26-40,New,1
395,Vegetables,497.86,25,Yes,151,30-01-2022,Sunday,Summer,21940.1,448.35,Stormy,41-60,New,0
396,Beverages,22.02,10,No,83,31-01-2022,Monday,Winter,48387.05,20.26,Rainy,41-60,New,0
397,Fruits,119.86,20,Yes,806,01-02-2022,Tuesday,Winter,34896.21,107.39,Cloudy,26-40,New,1
398,Snacks,363.65,30,Yes,507,02-02-2022,Wednesday,Monsoon,8840.66,347.24,Stormy,26-40,New,1
399,Vegetables,315.37,5,Yes,805,03-02-2022,Thursday,Summer,40921.29,287.6,Sunny,60+,Returning,1
400,Beverages,250.83,15,Yes,683,04-02-2022,Friday,Winter,18350.48,281.24,Sunny,41-60,Returning,1
401,Beverages,207.08,15,Yes,466,05-02-2022,Saturday,Spring,18843.37,170.78,Sunny,18-25,Returning,0
402,Vegetables,292.49,20,No,212,06-02-2022,Sunday,Spring,35081.54,271.91,Cloudy,26-40,Returning,0
403,Dairy,347.49,15,No,323,07-02-2022,Monday,Monsoon,48931.53,407.53,Cloudy,41-60,Returning,0
404,Snacks,465.1,5,No,93,08-02-2022,Tuesday,Monsoon,8743.3,514.6,Rainy,18-25,New,0
405,Beverages,361.9,10,No,334,09-02-2022,Wednesday,Monsoon,41352.7,298.67,Stormy,60+,New,0
406,Beverages,215.82,20,No,858,10-02-2022,Thursday,Spring,19461.57,240.79,Stormy,41-60,Returning,1
407,Snacks,386,5,No,449,11-02-2022,Friday,Winter,31737.49,417.51,Stormy,41-60,New,0
408,Fruits,489.31,25,No,844,12-02-2022,Saturday,Winter,12687.54,485.86,Rainy,60+,New,1
409,Vegetables,275.05,10,Yes,642,13-02-2022,Sunday,Spring,9452.16,277.22,Rainy,18-25,Returning,1
410,Snacks,493.6,10,Yes,666,14-02-2022,Monday,Spring,14731.56,555.79,Rainy,60+,New,1
411,Beverages,405.41,10,Yes,437,15-02-2022,Tuesday,Spring,18965.77,439.47,Cloudy,60+,Returning,0
412,Fruits,288.16,10,Yes,395,16-02-2022,Wednesday,Winter,14207.81,257.84,Sunny,18-25,Returning,0
413,Vegetables,300.48,20,Yes,592,17-02-2022,Thursday,Spring,43801.49,256.24,Cloudy,18-25,New,1
414,Vegetables,118.33,15,Yes,742,18-02-2022,Friday,Winter,15359.57,112.55,Cloudy,26-40,New,1
415,Beverages,105.25,30,Yes,226,19-02-2022,Saturday,Spring,7445.92,86.75,Sunny,41-60,Returning,0
416,Dairy,484.88,15,No,146,20-02-2022,Sunday,Spring,48065.86,491.05,Cloudy,60+,New,0
417,Beverages,120.18,5,No,116,21-02-2022,Monday,Summer,35385.24,137.84,Cloudy,26-40,New,0
418,Fruits,111.54,15,Yes,557,22-02-2022,Tuesday,Spring,29950.3,97.62,Cloudy,26-40,New,1
419,Beverages,266.23,5,No,345,23-02-2022,Wednesday,Winter,37895.54,308.63,Sunny,60+,Returning,0
420,Vegetables,66.35,5,No,764,24-02-2022,Thursday,Summer,46530.74,69.9,Sunny,60+,New,1
421,Dairy,168.5,20,Yes,209,25-02-2022,Friday,Summer,22687.36,162.09,Rainy,26-40,New,0
422,Beverages,476.98,25,No,157,26-02-2022,Saturday,Summer,49106.4,478.64,Sunny,41-60,Returning,0
423,Snacks,267.47,30,Yes,285,27-02-2022,Sunday,Monsoon,9814.76,289.36,Stormy,41-60,Returning,0
424,Fruits,352.91,20,Yes,399,28-02-2022,Monday,Spring,12483.57,411.15,Rainy,60+,New,0
425,Fruits,468.8,15,Yes,195,01-03-2022,Tuesday,Winter,40605.6,500.53,Cloudy,18-25,New,0
426,Vegetables,331.41,15,No,178,02-03-2022,Wednesday,Summer,16911.22,296.88,Rainy,60+,New,0
427,Vegetables,92.81,20,Yes,962,03-03-2022,Thursday,Monsoon,32848.81,86.64,Sunny,26-40,Returning,1
428,Dairy,329.08,30,No,447,04-03-2022,Friday,Summer,46593.77,266.48,Rainy,41-60,Returning,0
429,Dairy,24.18,25,Yes,801,05-03-2022,Saturday,Monsoon,8158.15,23.18,Sunny,60+,New,1
430,Vegetables,41.82,25,No,263,06-03-2022,Sunday,Spring,38491.38,38.85,Cloudy,18-25,New,0
431,Dairy,111.97,10,No,586,07-03-2022,Monday,Winter,46538.25,92.74,Sunny,60+,Returning,1
432,Beverages,100.54,25,No,298,08-03-2022,Tuesday,Winter,37529.06,89.55,Rainy,60+,Returning,0
433,Snacks,65.51,15,No,455,09-03-2022,Wednesday,Winter,10004.23,54.72,Sunny,60+,Returning,0
434,Vegetables,270.77,5,No,619,10-03-2022,Thursday,Summer,25321.41,224.01,Stormy,41-60,Returning,1
435,Fruits,284.49,30,No,507,11-03-2022,Friday,Summer,28409.72,264.32,Rainy,26-40,Returning,1
436,Vegetables,11.57,30,Yes,10,12-03-2022,Saturday,Winter,9187.95,12.04,Cloudy,41-60,Returning,0
437,Vegetables,129.79,25,No,428,13-03-2022,Sunday,Spring,25067.88,122.73,Cloudy,26-40,New,0
438,Beverages,446.66,10,No,471,14-03-2022,Monday,Winter,8935.97,407.6,Rainy,18-25,Returning,0
439,Vegetables,105.87,15,No,793,15-03-2022,Tuesday,Monsoon,19105.32,88.01,Cloudy,18-25,Returning,1
440,Snacks,86.98,20,Yes,216,16-03-2022,Wednesday,Winter,15142.46,70.03,Sunny,18-25,New,0
441,Fruits,72.78,10,No,132,17-03-2022,Thursday,Winter,45512.84,82.08,Stormy,41-60,New,0
442,Fruits,28.91,30,No,102,18-03-2022,Friday,Winter,28280.09,26.69,Cloudy,26-40,New,0
443,Vegetables,342.05,20,Yes,270,19-03-2022,Saturday,Spring,26749.08,282.6,Cloudy,41-60,Returning,0
444,Beverages,473.65,25,Yes,692,20-03-2022,Sunday,Summer,36887.43,482.95,Rainy,41-60,Returning,1
445,Dairy,166.27,20,No,743,21-03-2022,Monday,Monsoon,16516.92,188.46,Cloudy,60+,Returning,1
446,Fruits,326.45,25,No,757,22-03-2022,Tuesday,Spring,22349.21,365.57,Cloudy,41-60,Returning,1
447,Fruits,471.86,20,No,411,23-03-2022,Wednesday,Winter,41594.27,436.75,Cloudy,41-60,New,0
448,Dairy,47.67,5,No,527,24-03-2022,Thursday,Monsoon,37419.08,40.74,Rainy,18-25,New,1
449,Beverages,40.91,5,No,391,25-03-2022,Friday,Monsoon,32897.46,48.27,Stormy,60+,New,0
450,Snacks,131.73,10,Yes,26,26-03-2022,Saturday,Summer,40325.22,114.76,Sunny,18-25,Returning,0
451,Beverages,99.62,5,Yes,221,27-03-2022,Sunday,Summer,17515.49,85.49,Sunny,18-25,New,0
452,Beverages,312.93,15,Yes,556,28-03-2022,Monday,Spring,6553.11,268.8,Sunny,60+,Returning,1
453,Beverages,182.78,30,No,156,29-03-2022,Tuesday,Monsoon,17625.88,153.49,Stormy,41-60,Returning,0
454,Vegetables,399.24,30,No,952,30-03-2022,Wednesday,Monsoon,28218.14,452,Cloudy,18-25,Returning,1
455,Vegetables,174.39,20,No,18,31-03-2022,Thursday,Monsoon,37169.45,192.06,Rainy,18-25,Returning,0
456,Dairy,245.96,15,Yes,812,01-04-2022,Friday,Monsoon,45764.48,251.87,Sunny,26-40,Returning,1
457,Beverages,454.89,30,No,45,02-04-2022,Saturday,Winter,7370.78,445.99,Sunny,41-60,Returning,0
458,Dairy,289.03,15,No,772,03-04-2022,Sunday,Monsoon,49190.24,332.69,Sunny,41-60,Returning,1
459,Dairy,486.62,10,Yes,762,04-04-2022,Monday,Summer,22751.5,465.02,Stormy,26-40,Returning,1
460,Dairy,169.09,25,Yes,552,05-04-2022,Tuesday,Spring,20820.07,202.9,Cloudy,26-40,Returning,1
461,Fruits,491.66,20,No,58,06-04-2022,Wednesday,Spring,30538.81,416.15,Rainy,41-60,Returning,0
462,Fruits,274.98,5,No,740,07-04-2022,Thursday,Monsoon,29638.56,311.51,Cloudy,41-60,Returning,1
463,Snacks,117.9,10,No,375,08-04-2022,Friday,Spring,16637.45,116.73,Cloudy,26-40,New,0
464,Vegetables,499.84,25,No,417,09-04-2022,Saturday,Summer,44128.73,451.64,Cloudy,18-25,New,0
465,Vegetables,253.61,10,No,833,10-04-2022,Sunday,Spring,36452.13,241.29,Stormy,18-25,New,1
466,Beverages,493.24,15,Yes,544,11-04-2022,Monday,Monsoon,16509.98,543.1,Stormy,60+,Returning,1
467,Snacks,475.96,20,No,867,12-04-2022,Tuesday,Winter,5198.79,469.12,Stormy,41-60,New,1
468,Vegetables,391.2,20,No,727,13-04-2022,Wednesday,Winter,19491.32,468.95,Cloudy,26-40,Returning,1
469,Dairy,24.11,5,Yes,327,14-04-2022,Thursday,Winter,23410.49,28.67,Rainy,18-25,New,0
470,Fruits,184.42,10,No,405,15-04-2022,Friday,Spring,20406.48,160.73,Rainy,18-25,New,0
471,Dairy,59.32,30,No,535,16-04-2022,Saturday,Winter,37956.57,67.17,Rainy,26-40,New,1
472,Snacks,30.16,10,No,331,17-04-2022,Sunday,Monsoon,46679.76,27.79,Stormy,18-25,New,0
473,Dairy,362.51,25,Yes,613,18-04-2022,Monday,Monsoon,38258.31,377.66,Sunny,41-60,Returning,1
474,Dairy,210.47,5,No,910,19-04-2022,Tuesday,Winter,35290.52,184.9,Sunny,41-60,Returning,1
475,Fruits,244.61,25,No,884,20-04-2022,Wednesday,Monsoon,29254.81,266.55,Stormy,41-60,Returning,1
476,Beverages,114.63,25,No,217,21-04-2022,Thursday,Summer,22208.39,108.22,Cloudy,18-25,New,0
477,Vegetables,137.74,20,Yes,933,22-04-2022,Friday,Spring,30944.24,161.68,Stormy,18-25,New,1
478,Vegetables,304.29,5,No,123,23-04-2022,Saturday,Spring,10384.99,311.88,Stormy,18-25,Returning,0
479,Dairy,349.05,20,No,372,24-04-2022,Sunday,Winter,48121.55,327.86,Cloudy,18-25,Returning,0
480,Vegetables,241.86,30,Yes,294,25-04-2022,Monday,Monsoon,9121.19,269.91,Sunny,18-25,New,0
481,Vegetables,270.5,5,Yes,599,26-04-2022,Tuesday,Monsoon,34860.93,248.37,Rainy,18-25,New,1
482,Dairy,386.65,20,No,233,27-04-2022,Wednesday,Winter,26793.75,326.45,Cloudy,18-25,New,0
483,Snacks,209.16,10,No,457,28-04-2022,Thursday,Summer,10163.48,242.25,Cloudy,60+,Returning,0
484,Fruits,335.9,30,Yes,821,29-04-2022,Friday,Summer,17611,397.86,Sunny,41-60,Returning,1
485,Fruits,141.26,30,No,506,30-04-2022,Saturday,Summer,44228.19,147.98,Cloudy,26-40,Returning,1
486,Fruits,357.1,25,No,857,01-05-2022,Sunday,Summer,34659.3,297.66,Sunny,60+,New,1
487,Snacks,207.06,25,Yes,87,02-05-2022,Monday,Spring,35650.6,212.28,Stormy,26-40,Returning,0
488,Beverages,449.75,20,No,908,03-05-2022,Tuesday,Winter,43054.09,478.33,Cloudy,60+,New,1
489,Snacks,375.52,10,Yes,477,04-05-2022,Wednesday,Summer,21820.37,410.59,Rainy,26-40,New,0
490,Vegetables,89.73,25,Yes,107,05-05-2022,Thursday,Monsoon,15091.99,99.3,Sunny,60+,New,0
491,Vegetables,60.72,5,No,639,06-05-2022,Friday,Summer,10757.45,61.93,Sunny,26-40,Returning,1
492,Snacks,21.18,25,No,738,07-05-2022,Saturday,Spring,14994.61,18.31,Stormy,41-60,Returning,1
493,Dairy,312.42,25,Yes,920,08-05-2022,Sunday,Winter,18448.65,282.61,Rainy,18-25,New,1
494,Fruits,422.4,5,No,540,09-05-2022,Monday,Winter,49903.7,358.7,Sunny,41-60,New,1
495,Fruits,183.11,30,Yes,726,10-05-2022,Tuesday,Summer,7950.43,212.7,Stormy,18-25,New,1
496,Fruits,354.43,20,No,201,11-05-2022,Wednesday,Monsoon,8155.98,304.17,Rainy,18-25,New,0
497,Vegetables,207.42,5,No,923,12-05-2022,Thursday,Winter,12684.28,204.26,Rainy,60+,Returning,1
498,Dairy,242.63,15,Yes,895,13-05-2022,Friday,Winter,35021.38,241.93,Rainy,26-40,Returning,1
499,Snacks,407.93,10,No,509,14-05-2022,Saturday,Summer,36486.63,327.27,Sunny,26-40,New,1
500,Beverages,426.48,5,Yes,992,15-05-2022,Sunday,Winter,30040.95,443.27,Sunny,60+,Returning,1
501,Fruits,189.88,25,Yes,836,16-05-2022,Monday,Winter,30501.6,178.59,Stormy,60+,New,1
502,Dairy,439.65,15,Yes,960,17-05-2022,Tuesday,Winter,14005.33,455.7,Sunny,18-25,New,1
503,Beverages,308.01,20,Yes,675,18-05-2022,Wednesday,Spring,15876.82,347.72,Rainy,26-40,Returning,1
504,Beverages,377.33,10,No,996,19-05-2022,Thursday,Spring,37679.08,370.43,Sunny,41-60,New,1
505,Vegetables,57.34,25,Yes,172,20-05-2022,Friday,Monsoon,40905.61,47.86,Cloudy,18-25,Returning,0
506,Beverages,451.2,20,No,610,21-05-2022,Saturday,Monsoon,47920.34,415.09,Rainy,18-25,New,1
507,Fruits,482.22,25,Yes,953,22-05-2022,Sunday,Summer,13226.22,507.3,Sunny,60+,New,1
508,Fruits,195.52,20,Yes,813,23-05-2022,Monday,Monsoon,38167.36,191.37,Sunny,41-60,New,1
509,Snacks,337.88,15,Yes,613,24-05-2022,Tuesday,Winter,10865.88,301.02,Rainy,41-60,Returning,1
510,Vegetables,39.73,30,Yes,712,25-05-2022,Wednesday,Spring,15990.5,45.88,Sunny,26-40,New,1
511,Dairy,471.87,5,Yes,809,26-05-2022,Thursday,Summer,42057.78,507.15,Rainy,26-40,New,1
512,Fruits,254.14,15,No,443,27-05-2022,Friday,Winter,39857.02,298.47,Sunny,41-60,Returning,0
513,Snacks,299.73,10,No,801,28-05-2022,Saturday,Winter,5906.96,347.96,Cloudy,18-25,New,1
514,Vegetables,17.91,15,No,63,29-05-2022,Sunday,Monsoon,43951.92,17.88,Sunny,26-40,Returning,0
515,Dairy,311.08,30,Yes,106,30-05-2022,Monday,Monsoon,25707.47,315.67,Sunny,18-25,Returning,0
516,Fruits,89.79,25,No,89,31-05-2022,Tuesday,Summer,49764.44,81.43,Rainy,26-40,New,0
517,Beverages,472.53,25,Yes,576,01-06-2022,Wednesday,Spring,7987.55,400.61,Stormy,41-60,Returning,1
518,Snacks,410.14,25,Yes,114,02-06-2022,Thursday,Summer,17562.61,376.38,Cloudy,26-40,New,0
519,Snacks,498.84,25,Yes,565,03-06-2022,Friday,Winter,6449.77,558.62,Rainy,41-60,Returning,1
520,Fruits,380.61,20,Yes,185,04-06-2022,Saturday,Monsoon,8379.5,324.79,Stormy,18-25,Returning,0
521,Vegetables,110.55,15,No,373,05-06-2022,Sunday,Winter,25129.51,126.45,Stormy,26-40,New,0
522,Dairy,344.6,5,Yes,697,06-06-2022,Monday,Summer,34151.57,341.49,Stormy,26-40,New,1
523,Fruits,491.33,5,Yes,686,07-06-2022,Tuesday,Spring,22361.6,556.56,Cloudy,26-40,New,1
524,Vegetables,424.27,15,No,399,08-06-2022,Wednesday,Summer,37492.83,467.07,Sunny,26-40,Returning,0
525,Snacks,341.82,15,Yes,482,09-06-2022,Thursday,Spring,19328.81,385.71,Sunny,18-25,Returning,0
526,Fruits,143.49,25,No,642,10-06-2022,Friday,Summer,12041.84,135.96,Sunny,60+,Returning,1
527,Fruits,75.59,5,Yes,599,11-06-2022,Saturday,Summer,13473.77,70.31,Stormy,41-60,New,1
528,Beverages,78.86,30,Yes,847,12-06-2022,Sunday,Summer,36034.02,86.96,Stormy,26-40,New,1
529,Dairy,128.69,25,No,355,13-06-2022,Monday,Summer,16121.13,107.64,Stormy,60+,New,0
530,Beverages,80.49,25,Yes,544,14-06-2022,Tuesday,Summer,24094.38,84.3,Rainy,26-40,New,1
531,Dairy,238.71,30,No,964,15-06-2022,Wednesday,Monsoon,35398.69,220.41,Sunny,26-40,Returning,1
532,Fruits,476.44,25,Yes,184,16-06-2022,Thursday,Summer,17770.87,516.97,Cloudy,26-40,Returning,0
533,Vegetables,347.37,10,Yes,434,17-06-2022,Friday,Spring,36350.07,363.22,Rainy,60+,New,0
534,Dairy,302.89,25,No,25,18-06-2022,Saturday,Summer,31220.55,278.7,Cloudy,18-25,New,0
535,Vegetables,231.69,15,No,688,19-06-2022,Sunday,Monsoon,32612.69,266.65,Cloudy,60+,Returning,1
536,Snacks,175.19,25,Yes,865,20-06-2022,Monday,Spring,9115.84,150.9,Sunny,18-25,Returning,1
537,Fruits,456.26,5,No,998,21-06-2022,Tuesday,Monsoon,47549.39,520.53,Cloudy,60+,New,1
538,Vegetables,375.98,5,Yes,217,22-06-2022,Wednesday,Summer,17981.77,326.8,Rainy,26-40,New,0
539,Beverages,475.36,10,Yes,597,23-06-2022,Thursday,Monsoon,39542.8,561.65,Rainy,18-25,New,1
540,Snacks,321.85,25,No,594,24-06-2022,Friday,Winter,30693.38,283.48,Stormy,60+,Returning,1
541,Fruits,146.18,5,No,217,25-06-2022,Saturday,Spring,30936.46,154.23,Rainy,41-60,New,0
542,Vegetables,202.17,25,Yes,772,26-06-2022,Sunday,Summer,49634.22,166.49,Cloudy,18-25,New,1
543,Dairy,340.29,20,No,990,27-06-2022,Monday,Winter,15105.48,313.21,Stormy,26-40,New,1
544,Snacks,196.11,30,No,425,28-06-2022,Tuesday,Spring,30750.71,189.17,Sunny,26-40,Returning,0
545,Beverages,239.71,15,No,277,29-06-2022,Wednesday,Spring,7729.96,250.23,Cloudy,41-60,New,0
546,Snacks,478.42,5,Yes,501,30-06-2022,Thursday,Spring,46487.63,438.66,Sunny,41-60,Returning,1
547,Beverages,178.34,5,Yes,595,01-07-2022,Friday,Monsoon,21803.89,202.46,Sunny,26-40,Returning,1
548,Fruits,494.3,10,No,775,02-07-2022,Saturday,Spring,23682.98,458.78,Cloudy,18-25,New,1
549,Vegetables,337.67,10,Yes,648,03-07-2022,Sunday,Winter,31490.29,394.7,Sunny,60+,New,1
550,Dairy,87.17,30,Yes,163,04-07-2022,Monday,Spring,42566.22,81.78,Rainy,60+,New,0
551,Beverages,409.65,20,Yes,999,05-07-2022,Tuesday,Spring,21520.19,465.99,Sunny,26-40,Returning,1
552,Vegetables,127.8,20,Yes,860,06-07-2022,Wednesday,Summer,28679.41,103.47,Cloudy,60+,Returning,1
553,Vegetables,223.63,25,No,416,07-07-2022,Thursday,Summer,30695.9,201.54,Rainy,60+,Returning,0
554,Beverages,338.71,5,Yes,141,08-07-2022,Friday,Winter,22817.92,316.39,Sunny,41-60,Returning,0
555,Dairy,216.63,30,Yes,450,09-07-2022,Saturday,Spring,44497.14,249.48,Sunny,26-40,New,0
556,Beverages,410.07,25,Yes,822,10-07-2022,Sunday,Spring,15634.9,420.64,Cloudy,60+,Returning,1
557,Beverages,288.03,20,Yes,571,11-07-2022,Monday,Spring,44050.25,234.62,Sunny,41-60,New,1
558,Beverages,126.13,5,No,352,12-07-2022,Tuesday,Spring,43397.18,120.06,Sunny,26-40,New,0
559,Beverages,148.38,15,Yes,635,13-07-2022,Wednesday,Monsoon,26699.45,175.51,Rainy,18-25,Returning,1
560,Fruits,22.31,10,No,208,14-07-2022,Thursday,Summer,42406.32,19.09,Cloudy,41-60,New,0
561,Dairy,135.32,20,Yes,761,15-07-2022,Friday,Winter,19505.68,131.9,Stormy,41-60,New,1
562,Beverages,315.5,20,Yes,445,16-07-2022,Saturday,Monsoon,48668.55,320.87,Rainy,18-25,Returning,0
563,Snacks,165.78,20,Yes,108,17-07-2022,Sunday,Spring,38327.88,162.89,Cloudy,18-25,Returning,0
564,Snacks,285.17,15,No,891,18-07-2022,Monday,Summer,7134.52,295.88,Stormy,41-60,Returning,1
565,Fruits,278.56,30,Yes,354,19-07-2022,Tuesday,Spring,23184.31,299.95,Rainy,26-40,Returning,0
566,Vegetables,471.01,15,Yes,630,20-07-2022,Wednesday,Winter,23980.04,455.54,Rainy,26-40,Returning,1
567,Beverages,113.65,10,Yes,89,21-07-2022,Thursday,Spring,38193.44,111.17,Cloudy,41-60,New,0
568,Dairy,301.77,20,Yes,70,22-07-2022,Friday,Summer,41354.18,350.91,Sunny,60+,New,0
569,Beverages,205.14,15,No,489,23-07-2022,Saturday,Spring,15708.72,207.71,Sunny,41-60,New,0
570,Fruits,307.71,10,No,370,24-07-2022,Sunday,Monsoon,12290.08,255.52,Stormy,41-60,New,0
571,Vegetables,325.57,5,Yes,902,25-07-2022,Monday,Summer,47085.93,336.92,Rainy,60+,New,1
572,Snacks,389.57,25,No,172,26-07-2022,Tuesday,Monsoon,49410.63,373.41,Cloudy,26-40,New,0
573,Vegetables,424.6,25,Yes,750,27-07-2022,Wednesday,Spring,14368.77,468.18,Rainy,41-60,New,1
574,Beverages,476.02,15,Yes,298,28-07-2022,Thursday,Monsoon,16157.68,426.73,Rainy,26-40,New,0
575,Dairy,127.2,20,Yes,267,29-07-2022,Friday,Winter,38198.41,133.27,Cloudy,41-60,New,0
576,Beverages,219.67,20,Yes,165,30-07-2022,Saturday,Spring,32717.53,201.43,Stormy,60+,Returning,0
577,Snacks,436.91,25,No,792,31-07-2022,Sunday,Summer,27424.47,486.02,Cloudy,26-40,New,1
578,Snacks,16.86,30,Yes,560,01-08-2022,Monday,Monsoon,11388.31,19.64,Stormy,18-25,New,1
579,Vegetables,305.38,5,Yes,118,02-08-2022,Tuesday,Spring,35051.72,284.99,Stormy,26-40,New,0
580,Vegetables,79.57,20,No,677,03-08-2022,Wednesday,Winter,8261.26,88.53,Sunny,18-25,Returning,1
581,Beverages,362.59,25,No,813,04-08-2022,Thursday,Winter,6883.55,355.62,Stormy,60+,New,1
582,Vegetables,124.17,10,No,69,05-08-2022,Friday,Spring,11165.97,124,Rainy,41-60,Returning,0
583,Snacks,399.08,20,No,393,06-08-2022,Saturday,Monsoon,24580.93,403.98,Rainy,26-40,Returning,0
584,Vegetables,170.84,5,No,590,07-08-2022,Sunday,Winter,29600.4,153.37,Stormy,41-60,Returning,1
585,Dairy,325.47,25,Yes,870,08-08-2022,Monday,Monsoon,43240.24,264.89,Cloudy,60+,Returning,1
586,Dairy,175.83,20,Yes,211,09-08-2022,Tuesday,Spring,40780.96,153.28,Rainy,18-25,New,0
587,Snacks,254.96,5,No,784,10-08-2022,Wednesday,Monsoon,29319.76,225.09,Rainy,60+,New,1
588,Fruits,397.94,25,Yes,759,11-08-2022,Thursday,Spring,14452.93,432.39,Cloudy,26-40,New,1
589,Snacks,211.89,5,Yes,873,12-08-2022,Friday,Monsoon,29376.43,203.69,Stormy,41-60,Returning,1
590,Dairy,233.31,20,No,638,13-08-2022,Saturday,Winter,26056.36,236.01,Cloudy,41-60,Returning,1
591,Vegetables,222.09,20,No,821,14-08-2022,Sunday,Winter,47231.53,188.61,Cloudy,18-25,New,1
592,Dairy,323.17,5,No,126,15-08-2022,Monday,Monsoon,8730.42,268.5,Rainy,60+,Returning,0
593,Fruits,167.55,30,No,224,16-08-2022,Tuesday,Spring,43069.99,134.67,Cloudy,18-25,Returning,0
594,Vegetables,338.75,10,No,266,17-08-2022,Wednesday,Spring,44008.98,281.83,Stormy,26-40,Returning,0
595,Vegetables,433.58,5,Yes,594,18-08-2022,Thursday,Spring,6001.43,487.63,Sunny,60+,Returning,1
596,Vegetables,65.24,15,Yes,39,19-08-2022,Friday,Spring,12662.47,59.27,Stormy,60+,Returning,0
597,Vegetables,203.28,20,No,265,20-08-2022,Saturday,Spring,26351.21,206.75,Sunny,60+,New,0
598,Fruits,31.58,10,No,874,21-08-2022,Sunday,Monsoon,23885.42,25.54,Sunny,26-40,New,1
599,Beverages,396.19,30,No,643,22-08-2022,Monday,Summer,45884.49,353.86,Cloudy,26-40,Returning,1
600,Snacks,435.91,30,Yes,172,23-08-2022,Tuesday,Monsoon,38833.15,386.88,Rainy,41-60,Returning,0
601,Beverages,149.1,5,Yes,51,24-08-2022,Wednesday,Summer,34137.57,178.89,Sunny,18-25,New,0
602,Snacks,391.02,10,No,763,25-08-2022,Thursday,Summer,48022.22,453.79,Sunny,26-40,New,1
603,Snacks,158.43,15,Yes,311,26-08-2022,Friday,Monsoon,45273.49,186,Rainy,60+,New,0
604,Vegetables,71.47,30,No,813,27-08-2022,Saturday,Summer,37430.69,66.1,Sunny,41-60,New,1
605,Beverages,92.22,20,No,469,28-08-2022,Sunday,Winter,8698.09,106.14,Stormy,41-60,New,0
606,Dairy,277.89,20,Yes,44,29-08-2022,Monday,Winter,10042.92,326.97,Stormy,41-60,New,0
607,Beverages,94.17,15,No,280,30-08-2022,Tuesday,Spring,42669.9,78.3,Stormy,18-25,New,0
608,Snacks,227.34,30,Yes,913,31-08-2022,Wednesday,Summer,17735.73,240.27,Rainy,60+,Returning,1
609,Snacks,263.31,5,No,734,01-09-2022,Thursday,Winter,13804.01,296.94,Stormy,18-25,New,1
610,Vegetables,482.19,25,No,201,02-09-2022,Friday,Winter,15707.35,419.59,Rainy,26-40,New,0
611,Vegetables,228.43,20,No,523,03-09-2022,Saturday,Monsoon,17085.98,230.98,Stormy,26-40,New,1
612,Fruits,467.61,25,Yes,957,04-09-2022,Sunday,Monsoon,9696.67,522.78,Rainy,18-25,New,1
613,Beverages,416.89,5,No,109,05-09-2022,Monday,Winter,11060.6,418.3,Stormy,18-25,Returning,0
614,Beverages,207.44,20,Yes,597,06-09-2022,Tuesday,Spring,11679.17,173.86,Cloudy,60+,Returning,1
615,Vegetables,191.42,25,Yes,606,07-09-2022,Wednesday,Winter,27568.16,155.68,Sunny,60+,New,1
616,Vegetables,475.74,15,No,552,08-09-2022,Thursday,Monsoon,11130.13,397.22,Sunny,60+,New,1
617,Beverages,209.36,5,No,641,09-09-2022,Friday,Spring,42300.93,196.96,Cloudy,18-25,New,1
618,Snacks,316.37,15,No,14,10-09-2022,Saturday,Summer,46707.42,267.03,Cloudy,18-25,Returning,0
619,Dairy,446.47,30,No,923,11-09-2022,Sunday,Spring,17573.4,447.92,Cloudy,60+,Returning,1
620,Vegetables,459.97,25,Yes,642,12-09-2022,Monday,Spring,10926.35,390.47,Cloudy,18-25,Returning,1
621,Dairy,185.79,10,No,719,13-09-2022,Tuesday,Monsoon,49881.78,212.97,Stormy,26-40,New,1
622,Beverages,410.89,30,No,955,14-09-2022,Wednesday,Winter,11167.12,358.6,Sunny,18-25,New,1
623,Vegetables,110.38,5,No,261,15-09-2022,Thursday,Summer,49990.69,94.01,Sunny,26-40,Returning,0
624,Vegetables,445.73,10,Yes,964,16-09-2022,Friday,Winter,15139.31,417.85,Rainy,18-25,New,1
625,Beverages,404.19,25,No,451,17-09-2022,Saturday,Summer,12697.11,416.49,Cloudy,60+,New,0
626,Beverages,439.04,5,No,415,18-09-2022,Sunday,Spring,31247.37,430.68,Rainy,41-60,Returning,0
627,Dairy,432.1,30,Yes,743,19-09-2022,Monday,Summer,14714.08,493.89,Cloudy,41-60,Returning,1
628,Vegetables,69.05,5,No,236,20-09-2022,Tuesday,Summer,41380.98,64.55,Sunny,18-25,New,0
629,Beverages,465.21,20,Yes,361,21-09-2022,Wednesday,Monsoon,22913.52,389.29,Sunny,41-60,Returning,0
630,Fruits,416.38,5,Yes,981,22-09-2022,Thursday,Summer,29160.82,377.18,Cloudy,60+,New,1
631,Beverages,42.86,30,No,291,23-09-2022,Friday,Winter,34148.3,48.54,Stormy,60+,New,0
632,Fruits,157.04,5,No,191,24-09-2022,Saturday,Monsoon,28098.04,139.2,Sunny,41-60,New,0
633,Snacks,260.74,5,No,941,25-09-2022,Sunday,Summer,30326.24,300.68,Sunny,60+,Returning,1
634,Beverages,91.71,20,Yes,522,26-09-2022,Monday,Spring,19218.85,109.13,Sunny,60+,Returning,1
635,Vegetables,410.71,20,No,338,27-09-2022,Tuesday,Spring,7430.8,447.56,Rainy,26-40,Returning,0
636,Snacks,57.88,20,No,747,28-09-2022,Wednesday,Spring,27541.31,52.96,Cloudy,18-25,Returning,1
637,Vegetables,194.5,10,Yes,195,29-09-2022,Thursday,Winter,22988.51,196.11,Rainy,18-25,New,0
638,Dairy,34.92,30,No,229,30-09-2022,Friday,Spring,21945.5,31.72,Sunny,18-25,Returning,0
639,Vegetables,332.18,25,No,581,01-10-2022,Saturday,Summer,37703.08,360.15,Cloudy,60+,Returning,1
640,Vegetables,201.13,20,Yes,198,02-10-2022,Sunday,Spring,44503.27,221.92,Rainy,18-25,Returning,0
641,Vegetables,450.44,10,No,960,03-10-2022,Monday,Spring,45804.11,381.17,Rainy,26-40,Returning,1
642,Vegetables,226.35,10,No,123,04-10-2022,Tuesday,Winter,26078.51,236.18,Cloudy,18-25,Returning,0
643,Beverages,183.15,20,No,280,05-10-2022,Wednesday,Spring,27443.47,207.85,Stormy,41-60,New,0
644,Dairy,424.87,30,No,26,06-10-2022,Thursday,Summer,40277.2,390.21,Cloudy,41-60,Returning,0
645,Fruits,199.91,10,No,340,07-10-2022,Friday,Monsoon,33934.34,161.32,Rainy,18-25,Returning,0
646,Dairy,10.74,25,No,288,08-10-2022,Saturday,Spring,35188.29,10.4,Cloudy,26-40,New,0
647,Dairy,176.8,5,No,942,09-10-2022,Sunday,Summer,37042.76,188.47,Sunny,18-25,Returning,1
648,Vegetables,22.69,30,No,151,10-10-2022,Monday,Winter,27088.04,26.1,Stormy,18-25,New,0
649,Beverages,354.88,15,No,540,11-10-2022,Tuesday,Monsoon,23333.75,353.05,Rainy,60+,Returning,1
650,Snacks,133.98,5,Yes,439,12-10-2022,Wednesday,Spring,41631.57,141.34,Rainy,60+,New,0
651,Fruits,413.88,15,No,88,13-10-2022,Thursday,Winter,42975.54,374.23,Cloudy,60+,New,0
652,Vegetables,102.99,15,Yes,226,14-10-2022,Friday,Winter,38992.23,90.78,Cloudy,41-60,New,0
653,Beverages,42.15,5,Yes,456,15-10-2022,Saturday,Spring,37244.22,41.9,Sunny,41-60,New,0
654,Snacks,431.54,25,No,560,16-10-2022,Sunday,Summer,43949.83,398.08,Rainy,26-40,Returning,1
655,Vegetables,481.49,30,No,84,17-10-2022,Monday,Winter,39779.07,422.84,Stormy,18-25,New,0
656,Snacks,148.39,15,No,96,18-10-2022,Tuesday,Summer,34544.47,133.4,Stormy,60+,Returning,0
657,Dairy,336.9,10,No,523,19-10-2022,Wednesday,Winter,31720.96,350.08,Sunny,41-60,Returning,1
658,Vegetables,89.65,15,Yes,124,20-10-2022,Thursday,Monsoon,41463.71,85.15,Cloudy,41-60,New,0
659,Fruits,197.26,30,Yes,360,21-10-2022,Friday,Monsoon,16834.78,178.21,Sunny,26-40,New,0
660,Vegetables,274.66,10,No,1000,22-10-2022,Saturday,Monsoon,48519.24,237.45,Sunny,18-25,Returning,1
661,Snacks,213.29,5,Yes,801,23-10-2022,Sunday,Winter,22075.69,174.8,Sunny,26-40,Returning,1
662,Dairy,358.54,15,No,313,24-10-2022,Monday,Winter,13608.8,345.13,Rainy,26-40,Returning,0
663,Fruits,178.35,5,No,433,25-10-2022,Tuesday,Monsoon,35128.99,193.69,Cloudy,18-25,New,0
664,Fruits,190.79,30,Yes,431,26-10-2022,Wednesday,Spring,32742.68,196.66,Rainy,18-25,Returning,0
665,Fruits,424.14,5,Yes,548,27-10-2022,Thursday,Summer,5645.04,344.34,Cloudy,26-40,Returning,1
666,Vegetables,280.86,20,No,138,28-10-2022,Friday,Monsoon,20405,309.65,Sunny,18-25,Returning,0
667,Snacks,258.59,5,No,57,29-10-2022,Saturday,Winter,45361.26,240.14,Cloudy,18-25,Returning,0
668,Beverages,246.53,5,No,732,30-10-2022,Sunday,Summer,38677.57,198.87,Rainy,26-40,Returning,1
669,Snacks,459.31,10,No,218,31-10-2022,Monday,Winter,5156.12,452.4,Stormy,60+,New,0
670,Dairy,383,30,No,734,01-11-2022,Tuesday,Winter,35469.96,423.87,Stormy,26-40,New,1
671,Dairy,39.08,25,Yes,68,02-11-2022,Wednesday,Winter,19405.75,35.68,Stormy,60+,New,0
672,Dairy,17.66,10,No,573,03-11-2022,Thursday,Spring,40994.01,14.88,Sunny,60+,New,1
673,Snacks,142.21,30,No,907,04-11-2022,Friday,Summer,16923.58,140.39,Stormy,60+,Returning,1
674,Fruits,12.36,20,No,779,05-11-2022,Saturday,Winter,11941.99,10.97,Rainy,18-25,Returning,1
675,Snacks,100.03,10,Yes,125,06-11-2022,Sunday,Winter,19746.63,100.07,Cloudy,60+,Returning,0
676,Dairy,131.66,30,No,643,07-11-2022,Monday,Spring,41393.65,122.89,Cloudy,26-40,New,1
677,Snacks,322.36,15,Yes,212,08-11-2022,Tuesday,Winter,30352.58,338.88,Rainy,26-40,Returning,0
678,Dairy,247.29,25,Yes,539,09-11-2022,Wednesday,Winter,34398.79,249.04,Cloudy,60+,Returning,1
679,Dairy,186.01,20,Yes,394,10-11-2022,Thursday,Summer,25911.03,202,Sunny,26-40,Returning,0
680,Snacks,196.28,30,Yes,383,11-11-2022,Friday,Summer,7513.3,223.9,Sunny,26-40,Returning,0
681,Snacks,352.74,25,No,30,12-11-2022,Saturday,Summer,12367.58,351.2,Stormy,60+,Returning,0
682,Dairy,238.78,30,No,402,13-11-2022,Sunday,Monsoon,10847.02,209.83,Sunny,41-60,Returning,0
683,Beverages,374.88,20,No,420,14-11-2022,Monday,Monsoon,42345.67,385.71,Sunny,60+,New,0
684,Snacks,64.94,10,Yes,381,15-11-2022,Tuesday,Spring,29574.56,60.09,Sunny,18-25,Returning,0
685,Dairy,229.02,15,No,422,16-11-2022,Wednesday,Summer,47618.24,253,Rainy,18-25,Returning,0
686,Beverages,167.35,5,Yes,690,17-11-2022,Thursday,Winter,40847.71,155.96,Cloudy,18-25,Returning,1
687,Fruits,240.44,15,No,248,18-11-2022,Friday,Spring,23884.45,194.88,Sunny,60+,Returning,0
688,Dairy,391.84,5,No,827,19-11-2022,Saturday,Winter,6504.01,382.3,Rainy,18-25,New,1
689,Dairy,187.35,20,Yes,685,20-11-2022,Sunday,Winter,11983.73,167.05,Sunny,60+,New,1
690,Beverages,117.64,30,Yes,75,21-11-2022,Monday,Winter,29383.17,121.81,Cloudy,18-25,New,0
691,Dairy,494.46,10,Yes,131,22-11-2022,Tuesday,Winter,9235.94,431.94,Rainy,26-40,Returning,0
692,Beverages,302.52,25,No,342,23-11-2022,Wednesday,Winter,13984,270.62,Sunny,18-25,Returning,0
693,Beverages,487.09,25,Yes,965,24-11-2022,Thursday,Spring,38821.86,582.63,Cloudy,41-60,New,1
694,Vegetables,310.67,30,No,247,25-11-2022,Friday,Winter,25683.51,281.1,Rainy,41-60,Returning,0
695,Vegetables,159.55,30,No,360,26-11-2022,Saturday,Summer,38195.28,188.44,Cloudy,60+,New,0
696,Beverages,84.18,10,No,534,27-11-2022,Sunday,Winter,27751.96,91.59,Cloudy,60+,New,1
697,Vegetables,332.51,5,No,812,28-11-2022,Monday,Spring,29878.91,338.1,Rainy,26-40,Returning,1
698,Beverages,332.07,20,No,209,29-11-2022,Tuesday,Spring,14719.24,314.01,Sunny,18-25,New,0
699,Fruits,303.74,15,No,734,30-11-2022,Wednesday,Summer,26629.1,308.43,Stormy,26-40,New,1
700,Beverages,482.56,15,No,345,01-12-2022,Thursday,Monsoon,36846.62,553.01,Cloudy,41-60,New,0
701,Vegetables,179.09,5,No,638,02-12-2022,Friday,Monsoon,38000.05,214.23,Cloudy,41-60,New,1
702,Vegetables,212.79,20,Yes,864,03-12-2022,Saturday,Spring,38096.97,227.68,Rainy,60+,Returning,1
703,Fruits,11.52,5,Yes,676,04-12-2022,Sunday,Spring,36160.69,12.59,Rainy,41-60,Returning,1
704,Dairy,175.42,5,Yes,811,05-12-2022,Monday,Winter,19441.47,167.5,Stormy,41-60,New,1
705,Dairy,380.5,20,No,609,06-12-2022,Tuesday,Spring,17539.15,381.97,Cloudy,18-25,New,1
706,Beverages,441.96,30,Yes,292,07-12-2022,Wednesday,Monsoon,17174.48,425.8,Cloudy,60+,Returning,0
707,Snacks,460.9,10,No,524,08-12-2022,Thursday,Monsoon,13726.14,397.34,Stormy,18-25,Returning,1
708,Fruits,442.15,5,Yes,961,09-12-2022,Friday,Winter,37392.89,487.04,Sunny,26-40,Returning,1
709,Vegetables,481.63,15,Yes,704,10-12-2022,Saturday,Monsoon,12266.94,534.59,Cloudy,26-40,Returning,1
710,Fruits,56.2,5,Yes,547,11-12-2022,Sunday,Monsoon,49117.66,45,Stormy,18-25,New,1
711,Fruits,447.65,20,No,616,12-12-2022,Monday,Winter,13757.23,416.73,Stormy,26-40,New,1
712,Dairy,391.47,5,Yes,908,13-12-2022,Tuesday,Winter,20344.54,432.74,Cloudy,26-40,Returning,1
713,Vegetables,241.4,15,No,410,14-12-2022,Wednesday,Spring,48697.52,286.42,Sunny,18-25,New,0
714,Vegetables,151.14,15,Yes,484,15-12-2022,Thursday,Winter,7880.66,177.61,Cloudy,18-25,Returning,0
715,Beverages,419.25,5,No,372,16-12-2022,Friday,Spring,15756.49,368.93,Cloudy,26-40,Returning,0
716,Snacks,191.22,30,Yes,970,17-12-2022,Saturday,Winter,14591.82,214.44,Rainy,41-60,New,1
717,Vegetables,417.03,5,No,92,18-12-2022,Sunday,Spring,13359.73,369.5,Cloudy,60+,New,0
718,Vegetables,415.17,25,Yes,480,19-12-2022,Monday,Winter,48938.81,421.46,Cloudy,41-60,New,0
719,Fruits,200.66,10,Yes,44,20-12-2022,Tuesday,Spring,33415.79,236.58,Sunny,41-60,Returning,0
720,Fruits,292.17,30,Yes,710,21-12-2022,Wednesday,Winter,32661.89,286.1,Rainy,18-25,Returning,1
721,Dairy,383.63,10,Yes,915,22-12-2022,Thursday,Spring,21828.71,338.49,Cloudy,18-25,Returning,1
722,Beverages,229.67,30,Yes,400,23-12-2022,Friday,Monsoon,40157.31,201.76,Rainy,41-60,New,0
723,Beverages,225.12,30,No,268,24-12-2022,Saturday,Summer,32993.04,189.43,Sunny,18-25,New,0
724,Vegetables,236.88,10,Yes,436,25-12-2022,Sunday,Monsoon,19334.94,202.29,Cloudy,26-40,Returning,0
725,Beverages,456.63,5,Yes,402,26-12-2022,Monday,Winter,34510.66,494.72,Cloudy,60+,Returning,0
726,Vegetables,137.35,15,No,206,27-12-2022,Tuesday,Summer,46762.7,146.55,Stormy,18-25,Returning,0
727,Fruits,259.66,30,Yes,21,28-12-2022,Wednesday,Winter,31108.81,260.33,Sunny,18-25,Returning,0
728,Snacks,403.65,20,No,916,29-12-2022,Thursday,Monsoon,15166.57,411.38,Cloudy,41-60,New,1
729,Vegetables,162.79,15,No,997,30-12-2022,Friday,Summer,24323.5,157.9,Stormy,26-40,New,1
730,Fruits,265.34,25,Yes,577,31-12-2022,Saturday,Spring,28832.76,253.91,Rainy,18-25,New,1
731,Snacks,293.96,20,Yes,619,01-01-2021,Friday,Monsoon,12010.46,341.58,Rainy,41-60,Returning,1
732,Vegetables,379.67,10,No,875,02-01-2021,Saturday,Spring,6033.43,355.94,Sunny,18-25,New,1
733,Beverages,58.39,15,Yes,731,03-01-2021,Sunday,Winter,45186.88,58.8,Sunny,26-40,New,1
734,Dairy,488.87,30,Yes,309,04-01-2021,Monday,Spring,13162.27,441.65,Cloudy,60+,New,0
735,Snacks,250.9,5,No,433,05-01-2021,Tuesday,Monsoon,43854.05,281.26,Stormy,41-60,New,0
736,Vegetables,157.23,30,Yes,852,06-01-2021,Wednesday,Summer,19808.79,173.18,Sunny,60+,New,1
737,Dairy,318.73,25,Yes,725,07-01-2021,Thursday,Spring,41624.59,346.75,Cloudy,60+,Returning,1
738,Vegetables,272.9,30,No,363,08-01-2021,Friday,Winter,38466.98,292.99,Cloudy,26-40,Returning,0
739,Snacks,358.71,15,Yes,362,09-01-2021,Saturday,Winter,26820.77,314.08,Sunny,26-40,Returning,0
740,Fruits,466.17,10,Yes,664,10-01-2021,Sunday,Summer,46130.74,507.9,Sunny,60+,New,1
741,Vegetables,407.28,30,Yes,272,11-01-2021,Monday,Summer,38745.88,484.58,Cloudy,60+,New,0
742,Beverages,75.61,5,No,948,12-01-2021,Tuesday,Monsoon,37656.23,69.3,Sunny,60+,New,1
743,Fruits,306.34,25,No,748,13-01-2021,Wednesday,Winter,11792.37,297.72,Rainy,26-40,New,1
744,Vegetables,264.27,25,No,686,14-01-2021,Thursday,Spring,15873.71,221.24,Stormy,26-40,Returning,1
745,Dairy,25.22,25,Yes,35,15-01-2021,Friday,Spring,31024.16,22.32,Rainy,26-40,New,0
746,Snacks,442.77,5,Yes,888,16-01-2021,Saturday,Monsoon,7475.7,480.48,Cloudy,41-60,New,1
747,Snacks,400.47,10,Yes,513,17-01-2021,Sunday,Summer,33920.86,407.27,Sunny,60+,Returning,1
748,Fruits,428.58,30,No,638,18-01-2021,Monday,Winter,32815.62,347.3,Cloudy,18-25,Returning,1
749,Beverages,160.52,30,Yes,642,19-01-2021,Tuesday,Spring,32725.38,168.01,Rainy,26-40,Returning,1
750,Snacks,346.72,25,Yes,200,20-01-2021,Wednesday,Winter,37975.16,370.31,Sunny,18-25,Returning,0
751,Fruits,350.11,30,Yes,450,21-01-2021,Thursday,Summer,32733.74,286.59,Sunny,41-60,New,0
752,Vegetables,82.36,20,No,330,22-01-2021,Friday,Winter,37327.61,68.18,Sunny,60+,Returning,0
753,Dairy,332.48,30,No,667,23-01-2021,Saturday,Spring,34667.85,341.18,Cloudy,18-25,Returning,1
754,Beverages,288.82,30,No,618,24-01-2021,Sunday,Summer,39249.1,336.58,Sunny,41-60,Returning,1
755,Dairy,215.49,10,Yes,538,25-01-2021,Monday,Spring,8802.83,209.63,Stormy,41-60,Returning,1
756,Dairy,243.12,10,No,715,26-01-2021,Tuesday,Spring,19504.91,219.4,Stormy,26-40,Returning,1
757,Snacks,379.11,25,No,669,27-01-2021,Wednesday,Winter,31305.28,362.99,Stormy,18-25,New,1
758,Snacks,234.49,25,Yes,710,28-01-2021,Thursday,Spring,5126.77,202.76,Sunny,18-25,Returning,1
759,Fruits,352.12,20,No,486,29-01-2021,Friday,Winter,36487.5,346.93,Sunny,60+,New,0
760,Beverages,153.35,5,No,1000,30-01-2021,Saturday,Summer,17914.37,140.72,Sunny,18-25,Returning,1
761,Snacks,55.06,25,Yes,744,31-01-2021,Sunday,Winter,30077.61,65.19,Sunny,26-40,Returning,1
762,Dairy,325.21,5,Yes,715,01-02-2021,Monday,Winter,8201.2,324.84,Stormy,60+,New,1
763,Snacks,423.2,30,Yes,26,02-02-2021,Tuesday,Monsoon,37669.46,352.77,Rainy,60+,New,0
764,Snacks,459,15,Yes,448,03-02-2021,Wednesday,Summer,37727.54,411.57,Rainy,60+,Returning,0
765,Snacks,128.51,20,No,727,04-02-2021,Thursday,Summer,41027.1,146,Rainy,18-25,Returning,1
766,Fruits,23.47,30,No,416,05-02-2021,Friday,Monsoon,29530.59,21.76,Sunny,18-25,New,0
767,Dairy,214.07,5,Yes,717,06-02-2021,Saturday,Winter,15070.98,226.05,Cloudy,18-25,New,1
768,Vegetables,232.62,10,No,848,07-02-2021,Sunday,Summer,25573.31,229.86,Stormy,41-60,New,1
769,Beverages,469.92,15,Yes,985,08-02-2021,Monday,Summer,12259.65,493.07,Rainy,41-60,New,1
770,Vegetables,453.28,15,Yes,945,09-02-2021,Tuesday,Winter,24486.75,537.9,Sunny,41-60,Returning,1
771,Vegetables,319.4,5,No,849,10-02-2021,Wednesday,Monsoon,36041.39,284.47,Cloudy,18-25,New,1
772,Beverages,30.4,25,No,865,11-02-2021,Thursday,Summer,39977.96,26.81,Stormy,60+,Returning,1
773,Beverages,163.38,30,No,245,12-02-2021,Friday,Monsoon,29390.79,178.8,Cloudy,26-40,Returning,0
774,Beverages,26.6,25,No,415,13-02-2021,Saturday,Summer,11892.66,31,Stormy,41-60,Returning,0
775,Vegetables,269.38,10,No,201,14-02-2021,Sunday,Spring,42697.98,253.57,Sunny,26-40,New,0
776,Beverages,272.44,30,No,740,15-02-2021,Monday,Summer,18880.05,270.17,Cloudy,26-40,Returning,1
777,Dairy,135.85,15,No,815,16-02-2021,Tuesday,Winter,21862.36,158.91,Sunny,18-25,Returning,1
778,Beverages,137.39,15,No,899,17-02-2021,Wednesday,Monsoon,13089.39,117.98,Sunny,60+,Returning,1
779,Dairy,309.03,10,Yes,420,18-02-2021,Thursday,Summer,37305.59,259.29,Sunny,18-25,Returning,0
780,Fruits,336.9,30,No,517,19-02-2021,Friday,Summer,22640.28,319.74,Rainy,41-60,New,1
781,Vegetables,401.73,5,Yes,933,20-02-2021,Saturday,Winter,25860.58,440.42,Rainy,41-60,Returning,1
782,Vegetables,80.34,25,Yes,787,21-02-2021,Sunday,Monsoon,11299.48,75.82,Rainy,26-40,New,1
783,Snacks,439.19,10,Yes,754,22-02-2021,Monday,Spring,31382.01,426.14,Rainy,41-60,Returning,1
784,Dairy,15.89,5,Yes,750,23-02-2021,Tuesday,Monsoon,44278.81,17.47,Sunny,26-40,New,1
785,Beverages,490.34,5,No,601,24-02-2021,Wednesday,Spring,30759.77,445.01,Sunny,60+,New,1
786,Snacks,426.45,20,No,798,25-02-2021,Thursday,Winter,34072.57,356.13,Rainy,60+,Returning,1
787,Fruits,10.1,10,Yes,613,26-02-2021,Friday,Winter,44986.96,11.52,Cloudy,41-60,Returning,1
788,Dairy,79.84,15,Yes,974,27-02-2021,Saturday,Winter,23941.27,93.81,Cloudy,41-60,Returning,1
789,Beverages,64.02,15,No,485,28-02-2021,Sunday,Monsoon,47926.55,65.91,Stormy,60+,New,0
790,Beverages,286.89,15,No,570,01-03-2021,Monday,Spring,26657.77,282.91,Cloudy,41-60,New,1
791,Fruits,119.53,5,Yes,54,02-03-2021,Tuesday,Spring,18642.27,120.4,Sunny,26-40,Returning,0
792,Vegetables,456.88,10,No,79,03-03-2021,Wednesday,Summer,45163.96,467.61,Cloudy,41-60,New,0
793,Vegetables,457.77,20,No,551,04-03-2021,Thursday,Summer,15687.59,429.78,Rainy,60+,New,1
794,Snacks,388.63,5,Yes,561,05-03-2021,Friday,Spring,20849.22,394.2,Stormy,26-40,Returning,1
795,Snacks,307.96,25,Yes,421,06-03-2021,Saturday,Spring,12395.53,302.17,Sunny,60+,New,0
796,Beverages,343.23,25,No,12,07-03-2021,Sunday,Winter,11661.87,312.21,Rainy,60+,New,0
797,Vegetables,73.73,20,No,656,08-03-2021,Monday,Monsoon,19724.49,71.68,Stormy,26-40,Returning,1
798,Snacks,10.17,30,No,58,09-03-2021,Tuesday,Monsoon,28606.65,9.03,Cloudy,18-25,Returning,0
799,Beverages,417.36,20,Yes,444,10-03-2021,Wednesday,Winter,21980.61,334.64,Rainy,41-60,Returning,0
800,Vegetables,10.67,15,No,594,11-03-2021,Thursday,Monsoon,7369.8,10.28,Cloudy,60+,New,1
801,Snacks,220.67,10,No,759,12-03-2021,Friday,Spring,35226.96,261.48,Cloudy,18-25,Returning,1
802,Dairy,484.45,30,No,192,13-03-2021,Saturday,Winter,42997.78,564.95,Stormy,41-60,New,0
803,Vegetables,456.2,20,Yes,222,14-03-2021,Sunday,Winter,27254.69,533.36,Cloudy,26-40,New,0
804,Dairy,355.7,5,No,906,15-03-2021,Monday,Spring,29311.11,398.15,Cloudy,26-40,New,1
805,Snacks,454.85,30,Yes,329,16-03-2021,Tuesday,Summer,31966.7,391.8,Sunny,26-40,New,0
806,Dairy,351.94,20,No,673,17-03-2021,Wednesday,Summer,9663.81,380.44,Stormy,18-25,Returning,1
807,Beverages,221.75,30,No,15,18-03-2021,Thursday,Spring,17025.4,242.76,Cloudy,60+,New,0
808,Vegetables,12.51,10,No,761,19-03-2021,Friday,Winter,16816.14,11.64,Sunny,26-40,Returning,1
809,Beverages,320.76,30,Yes,137,20-03-2021,Saturday,Summer,35645.03,265.03,Rainy,41-60,New,0
810,Dairy,121.36,30,Yes,946,21-03-2021,Sunday,Monsoon,24071.38,121.4,Sunny,60+,Returning,1
811,Snacks,82.55,10,No,298,22-03-2021,Monday,Winter,33360.07,85.09,Stormy,18-25,New,0
812,Beverages,191.65,15,Yes,50,23-03-2021,Tuesday,Monsoon,42346.58,170.4,Sunny,26-40,New,0
813,Vegetables,417.95,25,Yes,670,24-03-2021,Wednesday,Summer,29150.93,422.38,Cloudy,18-25,Returning,1
814,Dairy,439.46,15,Yes,486,25-03-2021,Thursday,Summer,23769.75,399.43,Rainy,18-25,Returning,0
815,Vegetables,122.88,10,No,606,26-03-2021,Friday,Monsoon,25855.67,115.16,Rainy,60+,Returning,1
816,Vegetables,216.55,25,Yes,45,27-03-2021,Saturday,Monsoon,21438.33,187.9,Sunny,60+,New,0
817,Fruits,410.87,30,No,756,28-03-2021,Sunday,Monsoon,18340.75,492.93,Rainy,41-60,New,1
818,Beverages,60.03,5,No,860,29-03-2021,Monday,Spring,44777.73,60.54,Rainy,18-25,Returning,1
819,Dairy,482.69,20,Yes,217,30-03-2021,Tuesday,Monsoon,39114.39,553.57,Stormy,60+,New,0
820,Dairy,198.41,30,Yes,742,31-03-2021,Wednesday,Summer,5606.4,194.94,Rainy,60+,New,1
821,Fruits,455.29,30,Yes,868,01-04-2021,Thursday,Spring,25655,368.74,Sunny,41-60,New,1
822,Fruits,176.12,30,No,440,02-04-2021,Friday,Monsoon,29024.42,204.65,Rainy,26-40,New,0
823,Dairy,385.49,20,No,873,03-04-2021,Saturday,Winter,17590.84,351.5,Cloudy,26-40,Returning,1
824,Snacks,372.01,30,No,923,04-04-2021,Sunday,Summer,11566.58,329.1,Sunny,41-60,Returning,1
825,Beverages,207.4,10,No,38,05-04-2021,Monday,Spring,23172.03,207.03,Rainy,26-40,New,0
826,Beverages,48.65,10,Yes,940,06-04-2021,Tuesday,Winter,5267.21,42.37,Sunny,60+,New,1
827,Dairy,235.32,25,No,602,07-04-2021,Wednesday,Spring,12817.36,251.1,Cloudy,26-40,New,1
828,Snacks,394.44,20,No,750,08-04-2021,Thursday,Spring,21595.66,361.41,Cloudy,26-40,New,1
829,Beverages,150.3,20,Yes,702,09-04-2021,Friday,Summer,31162.45,176.37,Sunny,18-25,Returning,1
830,Snacks,181.45,25,No,262,10-04-2021,Saturday,Winter,22833.5,160.28,Rainy,41-60,Returning,0
831,Dairy,333.85,20,Yes,221,11-04-2021,Sunday,Summer,36501.92,359.78,Sunny,26-40,New,0
832,Dairy,366.47,25,Yes,691,12-04-2021,Monday,Summer,22107.27,396.21,Sunny,26-40,Returning,1
833,Beverages,201.22,10,No,263,13-04-2021,Tuesday,Winter,35440.32,209.88,Rainy,41-60,New,0
834,Snacks,410.66,5,Yes,834,14-04-2021,Wednesday,Summer,19793.35,382.98,Sunny,18-25,Returning,1
835,Snacks,398.71,30,No,206,15-04-2021,Thursday,Summer,40728.41,434.34,Cloudy,26-40,New,0
836,Snacks,356.77,30,No,492,16-04-2021,Friday,Summer,37133.34,364.39,Cloudy,26-40,Returning,0
837,Snacks,310.18,20,No,979,17-04-2021,Saturday,Spring,19617.77,328.63,Stormy,60+,Returning,1
838,Snacks,423.67,25,No,375,18-04-2021,Sunday,Summer,11852.76,445.47,Rainy,26-40,Returning,0
839,Snacks,222.56,30,No,746,19-04-2021,Monday,Winter,6492.01,204.97,Rainy,41-60,New,1
840,Beverages,484.01,20,Yes,224,20-04-2021,Tuesday,Winter,5380.4,480.93,Cloudy,41-60,Returning,0
841,Vegetables,74.72,30,Yes,912,21-04-2021,Wednesday,Winter,13292.77,73.99,Cloudy,60+,Returning,1
842,Dairy,238.18,20,No,616,22-04-2021,Thursday,Monsoon,10030.41,255.13,Sunny,18-25,New,1
843,Fruits,36.92,10,Yes,269,23-04-2021,Friday,Summer,48212.94,42.43,Sunny,26-40,New,0
844,Dairy,413.08,25,Yes,239,24-04-2021,Saturday,Monsoon,27698.18,344.54,Cloudy,41-60,Returning,0
845,Fruits,407.5,5,Yes,891,25-04-2021,Sunday,Monsoon,34536.42,469.39,Cloudy,41-60,Returning,1
846,Vegetables,436.71,15,Yes,719,26-04-2021,Monday,Monsoon,44877.68,522.5,Rainy,60+,Returning,1
847,Vegetables,246.63,20,No,194,27-04-2021,Tuesday,Summer,42058.4,201.88,Sunny,18-25,New,0
848,Beverages,79.77,20,Yes,745,28-04-2021,Wednesday,Winter,15167.34,74.03,Sunny,18-25,Returning,1
849,Beverages,391.91,10,No,164,29-04-2021,Thursday,Winter,26504.38,315.56,Stormy,41-60,New,0
850,Snacks,360.28,30,No,335,30-04-2021,Friday,Winter,36077.83,331.41,Sunny,18-25,New,0
851,Beverages,126.63,25,Yes,40,01-05-2021,Saturday,Spring,19182.02,124.94,Cloudy,60+,New,0
852,Fruits,62.83,15,Yes,144,02-05-2021,Sunday,Winter,31296.36,56.37,Rainy,26-40,Returning,0
853,Dairy,411.38,30,Yes,253,03-05-2021,Monday,Spring,31720.47,335.65,Stormy,18-25,Returning,0
854,Dairy,283.6,15,Yes,983,04-05-2021,Tuesday,Monsoon,46019.49,249.27,Sunny,18-25,New,1
855,Snacks,41.17,20,No,972,05-05-2021,Wednesday,Spring,49303.25,40.28,Stormy,60+,New,1
856,Beverages,330.32,10,Yes,860,06-05-2021,Thursday,Summer,40657.13,375.56,Cloudy,60+,Returning,1
857,Dairy,417.01,15,Yes,430,07-05-2021,Friday,Winter,12660.03,333.75,Rainy,41-60,New,0
858,Dairy,52.99,5,Yes,231,08-05-2021,Saturday,Summer,32850.68,43.34,Rainy,41-60,New,0
859,Beverages,282.35,15,No,920,09-05-2021,Sunday,Monsoon,38378.15,296.28,Stormy,26-40,Returning,1
860,Beverages,250.28,15,No,859,10-05-2021,Monday,Monsoon,8752.21,289.74,Cloudy,41-60,New,1
861,Fruits,289.65,30,No,495,11-05-2021,Tuesday,Monsoon,37408.22,273.58,Stormy,18-25,New,0
862,Fruits,90.42,5,No,479,12-05-2021,Wednesday,Monsoon,26244.41,102.91,Sunny,41-60,New,0
863,Fruits,290.66,15,Yes,155,13-05-2021,Thursday,Monsoon,10096.4,281.1,Cloudy,18-25,Returning,0
864,Dairy,399.86,20,Yes,708,14-05-2021,Friday,Summer,30667.08,371.61,Stormy,26-40,New,1
865,Vegetables,334.19,20,No,752,15-05-2021,Saturday,Spring,24374.8,340.23,Cloudy,60+,New,1
866,Fruits,485.41,5,No,69,16-05-2021,Sunday,Winter,27957.36,519.15,Cloudy,26-40,Returning,0
867,Dairy,200.63,30,Yes,771,17-05-2021,Monday,Monsoon,7139.8,232.04,Stormy,60+,Returning,1
868,Dairy,65,10,No,220,18-05-2021,Tuesday,Monsoon,5877.34,68.2,Rainy,26-40,Returning,0
869,Fruits,10.76,10,No,494,19-05-2021,Wednesday,Winter,9046.33,8.87,Rainy,18-25,New,0
870,Beverages,36.92,25,No,266,20-05-2021,Thursday,Spring,47471.22,42.74,Rainy,26-40,Returning,0
871,Snacks,56.73,30,Yes,979,21-05-2021,Friday,Summer,44349.26,49.95,Cloudy,26-40,Returning,1
872,Fruits,267.71,30,Yes,74,22-05-2021,Saturday,Monsoon,13362.85,295.92,Stormy,60+,Returning,0
873,Snacks,94.43,25,Yes,423,23-05-2021,Sunday,Spring,20565.76,90.22,Stormy,26-40,New,0
874,Dairy,254.19,25,No,72,24-05-2021,Monday,Summer,29232.71,207.44,Cloudy,26-40,New,0
875,Fruits,236.23,25,Yes,272,25-05-2021,Tuesday,Summer,11505.37,196.15,Cloudy,41-60,Returning,0
876,Fruits,299.98,10,Yes,982,26-05-2021,Wednesday,Summer,34737,293.89,Cloudy,26-40,New,1
877,Vegetables,499.88,15,Yes,534,27-05-2021,Thursday,Winter,25029.04,411.57,Rainy,41-60,New,1
878,Snacks,208.97,25,Yes,392,28-05-2021,Friday,Winter,40034.34,181.6,Stormy,60+,Returning,0
879,Snacks,389.48,15,No,280,29-05-2021,Saturday,Summer,36169.04,463.53,Cloudy,18-25,New,0
880,Snacks,217.04,20,No,728,30-05-2021,Sunday,Spring,43395.21,192.86,Sunny,18-25,Returning,1
881,Beverages,344.98,10,Yes,583,31-05-2021,Monday,Summer,22737.36,371.3,Cloudy,18-25,Returning,1
882,Fruits,468.68,5,Yes,425,01-06-2021,Tuesday,Monsoon,24298.06,454.95,Stormy,41-60,Returning,0
883,Fruits,230.97,25,Yes,856,02-06-2021,Wednesday,Summer,49774.03,267.43,Stormy,60+,New,1
884,Beverages,375.35,30,Yes,688,03-06-2021,Thursday,Summer,20290.14,447.57,Stormy,41-60,New,1
885,Vegetables,75.17,15,Yes,460,04-06-2021,Friday,Winter,40894.49,67.06,Rainy,26-40,Returning,0
886,Snacks,42.85,25,No,86,05-06-2021,Saturday,Spring,5589.39,40.24,Stormy,18-25,Returning,0
887,Dairy,461.87,30,No,885,06-06-2021,Sunday,Summer,46494.55,488.74,Stormy,41-60,Returning,1
888,Vegetables,407.06,5,Yes,213,07-06-2021,Monday,Summer,24217.2,434.8,Stormy,18-25,Returning,0
889,Beverages,180.53,5,No,91,08-06-2021,Tuesday,Spring,49665.22,200.66,Rainy,26-40,Returning,0
890,Vegetables,308.49,15,Yes,316,09-06-2021,Wednesday,Spring,44587.45,307.61,Rainy,18-25,Returning,0
891,Dairy,204.22,10,No,287,10-06-2021,Thursday,Summer,33126.67,232.39,Stormy,41-60,Returning,0
892,Fruits,112.52,5,No,134,11-06-2021,Friday,Winter,16600.68,90.41,Rainy,18-25,Returning,0
893,Vegetables,402.91,20,No,314,12-06-2021,Saturday,Winter,39680.54,434.46,Cloudy,26-40,Returning,0
894,Fruits,393.84,25,No,970,13-06-2021,Sunday,Monsoon,34965.13,391.77,Cloudy,26-40,Returning,1
895,Dairy,336.35,15,Yes,601,14-06-2021,Monday,Spring,44911.25,396.49,Stormy,60+,New,1
896,Fruits,276.87,5,Yes,668,15-06-2021,Tuesday,Monsoon,39649.36,246.04,Rainy,18-25,Returning,1
897,Beverages,117.06,5,Yes,765,16-06-2021,Wednesday,Summer,9678.7,96.12,Rainy,41-60,Returning,1
898,Snacks,252.78,15,Yes,447,17-06-2021,Thursday,Spring,39694.1,293.43,Stormy,41-60,Returning,0
899,Fruits,74.78,20,No,873,18-06-2021,Friday,Summer,24468.19,70.81,Stormy,18-25,New,1
900,Vegetables,202.4,20,Yes,520,19-06-2021,Saturday,Spring,47122.77,214.1,Sunny,60+,Returning,1
901,Beverages,474.58,5,No,596,20-06-2021,Sunday,Winter,5331.82,419.89,Rainy,18-25,Returning,1
902,Vegetables,232.63,30,No,978,21-06-2021,Monday,Monsoon,19923.48,261.45,Cloudy,18-25,Returning,1
903,Dairy,309.35,20,No,520,22-06-2021,Tuesday,Spring,46378.65,336.8,Rainy,26-40,New,1
904,Snacks,259.31,20,Yes,727,23-06-2021,Wednesday,Spring,42673.95,263.41,Cloudy,41-60,New,1
905,Dairy,12.92,15,No,510,24-06-2021,Thursday,Spring,11451.73,14.05,Stormy,26-40,New,1
906,Fruits,111.37,20,No,718,25-06-2021,Friday,Winter,44463.71,89.55,Rainy,60+,Returning,1
907,Fruits,326.48,25,No,243,26-06-2021,Saturday,Summer,15839.03,312.02,Sunny,18-25,Returning,0
908,Snacks,441.86,5,Yes,129,27-06-2021,Sunday,Summer,19794.43,503.14,Rainy,41-60,New,0
909,Fruits,142.29,30,Yes,846,28-06-2021,Monday,Spring,10102.7,135.88,Cloudy,41-60,Returning,1
910,Dairy,377.89,15,Yes,873,29-06-2021,Tuesday,Summer,6712.74,431.01,Stormy,41-60,Returning,1
911,Beverages,210.23,10,Yes,962,30-06-2021,Wednesday,Spring,39780.74,244.14,Stormy,60+,Returning,1
912,Snacks,391.56,15,No,682,01-07-2021,Thursday,Monsoon,12650.77,382,Sunny,60+,Returning,1
913,Snacks,325.38,30,No,663,02-07-2021,Friday,Spring,22547.44,306.51,Rainy,26-40,New,1
914,Fruits,312.88,10,Yes,974,03-07-2021,Saturday,Spring,28590.07,342.36,Sunny,26-40,Returning,1
915,Vegetables,130.09,5,Yes,780,04-07-2021,Sunday,Monsoon,33644.82,151.26,Stormy,26-40,Returning,1
916,Vegetables,296.35,20,No,990,05-07-2021,Monday,Spring,32601.79,352.71,Cloudy,26-40,New,1
917,Vegetables,149.55,30,Yes,36,06-07-2021,Tuesday,Summer,31740.14,167.52,Sunny,60+,Returning,0
918,Snacks,144.84,25,Yes,582,07-07-2021,Wednesday,Winter,48084.43,142.68,Rainy,18-25,Returning,1
919,Dairy,123.71,10,No,795,08-07-2021,Thursday,Spring,22402.18,144.52,Rainy,18-25,New,1
920,Fruits,107.02,10,Yes,543,09-07-2021,Friday,Spring,18690.25,113.51,Sunny,26-40,Returning,1
921,Beverages,216.3,20,No,834,10-07-2021,Saturday,Monsoon,43174.35,224.57,Rainy,60+,New,1
922,Fruits,159.62,20,No,195,11-07-2021,Sunday,Spring,36213.39,129.25,Sunny,26-40,Returning,0
923,Snacks,387.97,10,Yes,293,12-07-2021,Monday,Summer,25269.31,446.17,Rainy,18-25,New,0
924,Snacks,389.3,20,Yes,924,13-07-2021,Tuesday,Spring,28946.66,438.32,Stormy,60+,New,1
925,Snacks,159.05,5,No,11,14-07-2021,Wednesday,Winter,33519.84,148.13,Sunny,18-25,Returning,0
926,Fruits,385.94,5,Yes,832,15-07-2021,Thursday,Spring,18859.81,430.3,Rainy,18-25,New,1
927,Dairy,288.12,5,Yes,285,16-07-2021,Friday,Monsoon,31952.99,328.17,Stormy,60+,New,0
928,Dairy,104.25,10,Yes,635,17-07-2021,Saturday,Winter,14881.62,122.03,Stormy,18-25,Returning,1
929,Fruits,228.05,15,No,751,18-07-2021,Sunday,Winter,24915.15,260.98,Sunny,18-25,Returning,1
930,Beverages,238.19,30,No,789,19-07-2021,Monday,Summer,13823.51,202.86,Cloudy,60+,New,1
931,Dairy,381.09,10,No,374,20-07-2021,Tuesday,Summer,7940.77,445.3,Stormy,41-60,New,0
932,Vegetables,72.63,10,No,326,21-07-2021,Wednesday,Spring,43920.75,75.27,Cloudy,60+,New,0
933,Snacks,423.53,20,No,414,22-07-2021,Thursday,Winter,35649.87,340.36,Stormy,26-40,Returning,0
934,Dairy,180.28,30,No,732,23-07-2021,Friday,Summer,21732.28,170.47,Sunny,41-60,Returning,1
935,Vegetables,183.82,30,Yes,94,24-07-2021,Saturday,Spring,49326.13,190.59,Rainy,60+,Returning,0
936,Dairy,91.23,20,No,939,25-07-2021,Sunday,Winter,36022.46,90.98,Cloudy,60+,New,1
937,Vegetables,125.61,15,Yes,210,26-07-2021,Monday,Winter,33024.76,149.06,Rainy,18-25,Returning,0
938,Fruits,30.77,25,No,772,27-07-2021,Tuesday,Summer,6510.7,35.91,Stormy,41-60,New,1
939,Dairy,470.5,15,No,265,28-07-2021,Wednesday,Winter,18655.27,430.45,Stormy,41-60,Returning,0
940,Vegetables,303.89,5,Yes,521,29-07-2021,Thursday,Spring,40865.06,344.61,Stormy,60+,Returning,1
941,Beverages,159.23,5,Yes,991,30-07-2021,Friday,Winter,18396.27,187.46,Sunny,18-25,New,1
942,Beverages,223.81,20,Yes,30,31-07-2021,Saturday,Spring,49067.95,258.91,Sunny,41-60,Returning,0
943,Beverages,41.27,5,Yes,863,01-08-2021,Sunday,Winter,8542.95,40.35,Rainy,26-40,New,1
944,Snacks,81.93,15,Yes,828,02-08-2021,Monday,Winter,7420.44,88.2,Cloudy,18-25,New,1
945,Vegetables,407.51,15,Yes,778,03-08-2021,Tuesday,Spring,9025.93,377.51,Cloudy,41-60,Returning,1
946,Fruits,102.07,15,No,266,04-08-2021,Wednesday,Spring,16639.45,116.72,Stormy,60+,New,0
947,Beverages,284.42,10,Yes,675,05-08-2021,Thursday,Monsoon,24326.82,277.37,Cloudy,26-40,Returning,1
948,Fruits,201.66,20,Yes,866,06-08-2021,Friday,Spring,17254.54,198.25,Stormy,60+,New,1
949,Dairy,45.21,20,Yes,970,07-08-2021,Saturday,Monsoon,19552.46,40.75,Cloudy,41-60,Returning,1
950,Beverages,261.01,30,Yes,67,08-08-2021,Sunday,Spring,24537.28,255.78,Sunny,26-40,Returning,0
951,Dairy,24.84,30,No,733,09-08-2021,Monday,Spring,16024.56,22.01,Cloudy,26-40,New,1
952,Beverages,225.92,5,Yes,215,10-08-2021,Tuesday,Winter,49016.46,184.63,Sunny,26-40,New,0
953,Beverages,439.53,30,No,274,11-08-2021,Wednesday,Monsoon,42565.06,396.87,Cloudy,18-25,Returning,0
954,Beverages,273.04,20,Yes,347,12-08-2021,Thursday,Winter,21448.01,282.59,Cloudy,26-40,New,0
955,Dairy,319.47,20,Yes,754,13-08-2021,Friday,Winter,48483.7,332.73,Cloudy,26-40,New,1
956,Vegetables,257.18,10,No,775,14-08-2021,Saturday,Winter,39178.27,302.5,Sunny,60+,Returning,1
957,Beverages,178.89,30,No,469,15-08-2021,Sunday,Summer,48959.65,201.58,Sunny,26-40,Returning,0
958,Vegetables,148.96,30,Yes,107,16-08-2021,Monday,Summer,10014.46,154.07,Cloudy,18-25,Returning,0
959,Dairy,136.22,20,No,253,17-08-2021,Tuesday,Winter,29742.34,120.5,Stormy,60+,New,0
960,Dairy,84.9,5,No,173,18-08-2021,Wednesday,Summer,8638.72,90.23,Stormy,60+,Returning,0
961,Vegetables,387.96,20,No,415,19-08-2021,Thursday,Summer,28551.9,411.6,Rainy,26-40,Returning,0
962,Snacks,170.79,5,Yes,32,20-08-2021,Friday,Winter,18756.93,195.79,Sunny,18-25,Returning,0
963,Fruits,143.62,30,Yes,878,21-08-2021,Saturday,Summer,12256.57,159.16,Cloudy,26-40,Returning,1
964,Fruits,37.54,20,No,682,22-08-2021,Sunday,Winter,31190.21,39.63,Cloudy,41-60,Returning,1
965,Fruits,281.94,25,Yes,538,23-08-2021,Monday,Summer,22220.97,323.98,Rainy,60+,Returning,1
966,Beverages,358.97,5,No,686,24-08-2021,Tuesday,Summer,19120.04,332.31,Cloudy,18-25,New,1
967,Beverages,312.69,25,No,249,25-08-2021,Wednesday,Spring,16537.8,341.88,Stormy,41-60,New,0
968,Vegetables,231.36,25,No,911,26-08-2021,Thursday,Winter,45898.96,258.76,Stormy,18-25,Returning,1
969,Snacks,250.43,15,No,507,27-08-2021,Friday,Spring,40119.3,265.28,Sunny,41-60,Returning,1
970,Snacks,363.54,25,Yes,472,28-08-2021,Saturday,Spring,22222.83,428.79,Cloudy,41-60,New,0
971,Beverages,440.24,5,Yes,853,29-08-2021,Sunday,Summer,15014.43,407.8,Sunny,41-60,New,1
972,Vegetables,496.67,5,No,264,30-08-2021,Monday,Summer,41643.47,529.01,Sunny,26-40,Returning,0
973,Dairy,446.81,10,No,929,31-08-2021,Tuesday,Winter,39373.09,382.56,Stormy,41-60,Returning,1
974,Beverages,402.42,20,No,312,01-09-2021,Wednesday,Monsoon,11011.85,396.01,Cloudy,60+,Returning,0
975,Snacks,432.04,20,No,113,02-09-2021,Thursday,Summer,43988.31,447.85,Rainy,60+,Returning,0
976,Fruits,126.44,5,Yes,160,03-09-2021,Friday,Summer,6292.23,108.95,Cloudy,41-60,New,0
977,Snacks,36.8,10,Yes,754,04-09-2021,Saturday,Spring,48368.7,40.57,Rainy,60+,Returning,1
978,Vegetables,20.12,20,No,946,05-09-2021,Sunday,Monsoon,32278.44,20.84,Sunny,60+,New,1
979,Snacks,316.59,15,No,462,06-09-2021,Monday,Monsoon,47863.48,378.05,Stormy,60+,Returning,0
980,Vegetables,58.88,30,No,661,07-09-2021,Tuesday,Spring,38003.27,50.32,Stormy,41-60,New,1
981,Beverages,424.81,25,Yes,160,08-09-2021,Wednesday,Spring,40878.59,488.64,Rainy,60+,New,0
982,Snacks,345.03,15,No,354,09-09-2021,Thursday,Monsoon,41499.79,279.6,Cloudy,18-25,New,0
983,Dairy,165.67,5,Yes,818,10-09-2021,Friday,Monsoon,29293.73,154.25,Cloudy,26-40,Returning,1
984,Snacks,333.77,30,No,444,11-09-2021,Saturday,Spring,46241.92,308.95,Rainy,60+,Returning,0
985,Beverages,427.71,10,No,957,12-09-2021,Sunday,Summer,25594.14,429.74,Sunny,26-40,New,1
986,Dairy,239.88,20,No,66,13-09-2021,Monday,Monsoon,45552.4,231.59,Sunny,18-25,New,0
987,Dairy,396.37,5,Yes,179,14-09-2021,Tuesday,Spring,33140.28,440.85,Stormy,18-25,Returning,0
988,Dairy,350.02,5,Yes,244,15-09-2021,Wednesday,Monsoon,12718.11,384.97,Sunny,60+,Returning,0
989,Beverages,230.73,15,Yes,830,16-09-2021,Thursday,Monsoon,41603.49,243.94,Sunny,26-40,New,1
990,Vegetables,406.75,25,No,723,17-09-2021,Friday,Monsoon,47093.64,470.23,Cloudy,18-25,Returning,1
991,Fruits,124.16,20,No,912,18-09-2021,Saturday,Monsoon,40236.85,104.51,Cloudy,26-40,New,1
992,Snacks,356.86,30,Yes,645,19-09-2021,Sunday,Spring,36755.02,404,Sunny,18-25,New,1
993,Fruits,235.98,25,No,344,20-09-2021,Monday,Summer,40891.33,272.19,Cloudy,41-60,New,0
994,Dairy,168.38,15,No,471,21-09-2021,Tuesday,Spring,13979.2,154.41,Cloudy,18-25,Returning,0
995,Dairy,285.56,20,No,501,22-09-2021,Wednesday,Winter,37340.08,241.68,Cloudy,60+,New,1
996,Fruits,144.46,5,Yes,971,23-09-2021,Thursday,Monsoon,22951.24,137.15,Sunny,18-25,Returning,1
997,Fruits,37.44,10,Yes,133,24-09-2021,Friday,Spring,43215.27,35.2,Stormy,41-60,Returning,0
998,Vegetables,372.8,25,No,837,25-09-2021,Saturday,Winter,37817.34,405.49,Cloudy,60+,New,1
999,Snacks,455.94,15,No,549,26-09-2021,Sunday,Spring,35169.74,544,Sunny,18-25,New,1
1000,Beverages,172.82,25,No,238,27-09-2021,Monday,Monsoon,17844.81,160.87,Rainy,26-40,Returning,0
